Nama,Harga,Stok,Link
iPhone 11 Pro - Fullset Original Like New - Second - Bekas - Garansi 6 Bulan,8195000,3,https://www.bukalapak.com/p/handphone/hp-smartphone/iphone/4h4id0p-jual-iphone-11-pro-fullset-original-like-new-second-bekas-garansi-6-bulan
iPhone 12 - Fullset Original Like New - Second - Bekas - Garansi 6 Bulan,8825000,8,https://www.bukalapak.com/p/handphone/hp-smartphone/iphone/4h4if6v-jual-iphone-12-fullset-original-like-new-second-bekas-garansi-6-bulan
iphone X TEN 64GB 256GB Bekas Ori Second Seken Fulset Kondisi Perfect Normal Kemulusan 9 6 - 9 8 Plus E X 10 Inter Garansi 7 Hari,3750000,47,https://www.bukalapak.com/p/handphone/hp-smartphone/iphone/7maudp-jual-iphone-x-ten-64gb-256gb-bekas-ori-second-seken-fulset-kondisi-perfect-normal-kemulusan-9-6-9-8-plus-e-x-10-inter-garansi-7-hari
Iphone 12 Pro 256GB - Gold,17729000,4,https://www.bukalapak.com/p/handphone/hp-smartphone/iphone/4gwl9ay-jual-iphone-12-pro-256gb-gold
Iphone 13 mini 256GB - Blue,15299000,6,https://www.bukalapak.com/p/handphone/hp-smartphone/iphone/4gwl98v-jual-iphone-13-mini-256gb-blue
iPhone 11 64Gb Green Second Fullset Mulus Terawat No Minus,5896000,181,https://www.bukalapak.com/p/handphone/hp-smartphone/iphone/3qp1q92-jual-iphone-11-64gb-green-second-fullset-mulus-terawat-no-minus
iPhone 11 64Gb Second Fullset mulus terawat,5896000,20,https://www.bukalapak.com/p/handphone/hp-smartphone/iphone/3bz3og0-jual-iphone-11-64gb-second-fullset-mulus-terawat
iphone X TEN 64GB 256GB Bekas Ori Second Seken Fulset Kondisi Perfect Normal Kemulusan 9 6 - 9 8 Plus E X 10 Inter Garansi 7 Hari,3750000,47,https://www.bukalapak.com/p/handphone/hp-smartphone/iphone/7maudp-jual-iphone-x-ten-64gb-256gb-bekas-ori-second-seken-fulset-kondisi-perfect-normal-kemulusan-9-6-9-8-plus-e-x-10-inter-garansi-7-hari
Iphone Xr 64Gb Second Fulllset No Minus Bagus,4146000,14,https://www.bukalapak.com/p/handphone/hp-smartphone/iphone/2m2td1q-jual-iphone-xr-64gb-second-fulllset-no-minus-bagus
Apple iPhone X 256GB,3999000,11,https://www.bukalapak.com/p/handphone/hp-smartphone/iphone/2km5xoo-jual-apple-iphone-x-256gb
Apple iPhone XS Max 64GB Second Mulus Ex International fullset,4780000,240,https://www.bukalapak.com/p/handphone/hp-smartphone/iphone/3nqo4h1-jual-apple-iphone-xs-max-64gb-second-mulus-ex-international-fullset
iphone XR 64GB 128GB 256GB Bekas Ori Second Seken Fulset Kondisi Perfect Normal Kemulusan 9 6 - 9 8 Plus E X Inter Garansi 7 Hari,4100000,50,https://www.bukalapak.com/p/handphone/hp-smartphone/iphone/1pkljsw-jual-iphone-xr-64gb-128gb-256gb-bekas-ori-second-seken-fulset-kondisi-perfect-normal-kemulusan-9-6-9-8-plus-e-x-inter-garansi-7-hari
IPhone 7 Plus 32 GB - Fullset - Apple 7Plus 32GB - COD Semarang,2870000,100,https://www.bukalapak.com/p/handphone/hp-smartphone/iphone/4fszqup-jual-iphone-7-plus-32-gb-fullset-apple-7plus-32gb-cod-semarang
iPhone 12 - Fullset Original Like New - Second - Bekas - Garansi 6 Bulan,8825000,8,https://www.bukalapak.com/p/handphone/hp-smartphone/iphone/4h4if6v-jual-iphone-12-fullset-original-like-new-second-bekas-garansi-6-bulan
iphone 8 64gb second fullset,2798000,18,https://www.bukalapak.com/p/handphone/hp-smartphone/iphone/1a33k1n-jual-iphone-8-64gb-second-fullset
(OFFICIAL) Iphone 12 Pro Max 512GB - Gold,22449000,1,https://www.bukalapak.com/p/handphone/hp-smartphone/iphone/4h59fi1-jual-official-iphone-12-pro-max-512gb-gold
Iphone 13 256GB - Red,17429000,4,https://www.bukalapak.com/p/handphone/hp-smartphone/iphone/4gwl99g-jual-iphone-13-256gb-red
APPLE iPhone 11 Pro MAX 64GB - Gold (Official Warranty),15499000,1,https://www.bukalapak.com/p/handphone/hp-smartphone/iphone/4h59f24-jual-apple-iphone-11-pro-max-64gb-gold-official-warranty
Iphone 12 Pro Max 256GB - Silver,19449000,4,https://www.bukalapak.com/p/handphone/hp-smartphone/iphone/4gwl9ap-jual-iphone-12-pro-max-256gb-silver
(OFFICIAL) Iphone 12 mini 128GB - Blue,11999000,2,https://www.bukalapak.com/p/handphone/hp-smartphone/hp-android/4h59f8p-jual-official-iphone-12-mini-128gb-blue
iPhone XS Max - Fullset Original Like New - Second - Bekas - Garansi 6 Bulan,5125000,9,https://www.bukalapak.com/p/handphone/hp-smartphone/iphone/4h4i9na-jual-iphone-xs-max-fullset-original-like-new-second-bekas-garansi-6-bulan
Apple iPhone XR 64GB 128GB 256GB - Garansi 1 tahun,4449000,7,https://www.bukalapak.com/p/handphone/hp-smartphone/iphone/4b8fb67-jual-apple-iphone-xr-64gb-128gb-256gb-garansi-1-tahun
IPhone XR 64 GB - FULLSET - 64GB - APPLE - COD Jakarta,4250000,978,https://www.bukalapak.com/p/handphone/hp-smartphone/iphone/2sqi8zs-jual-iphone-xr-64-gb-fullset-64gb-apple-cod-jakarta
iPhone 11 - Fullset Original Like New - Second - Bekas - Garansi 1 Tahun,7310000,10,https://www.bukalapak.com/p/handphone/hp-smartphone/iphone/4gzarlg-jual-iphone-11-fullset-original-like-new-second-bekas-garansi-1-tahun
Apple iPhone XS 64GB Second Mulus Ex International fullset,4280000,196,https://www.bukalapak.com/p/handphone/hp-smartphone/iphone/3ijj84z-jual-apple-iphone-xs-64gb-second-mulus-ex-international-fullset
Apple iPhone X 64GB Second mulus ex international usa fullset,3695000,163,https://www.bukalapak.com/p/handphone/hp-smartphone/iphone/11naav3-jual-apple-iphone-x-64gb-second-mulus-ex-international-usa-fullset
IPHONE 7 SECOND LIKENEW,1000000,45,https://www.bukalapak.com/p/handphone/hp-smartphone/iphone/4goavx1-jual-iphone-7-second-likenew
iPhone 11 Pro Max- Fullset Original Like New - Second - Bekas - Garansi 6 Bulan,9809000,9,https://www.bukalapak.com/p/handphone/hp-smartphone/iphone/4h4ie51-jual-iphone-11-pro-max-fullset-original-like-new-second-bekas-garansi-6-bulan
iPhone 8 - Fullset Original Like New - Second - Bekas - Garansi 6 Bulan,2895000,6,https://www.bukalapak.com/p/handphone/hp-smartphone/iphone/4h4wffv-jual-iphone-8-fullset-original-like-new-second-bekas-garansi-6-bulan
Iphone Xr 128gb second fullset mulus,4698000,19,https://www.bukalapak.com/p/handphone/hp-smartphone/iphone/1ul44h9-jual-iphone-xr-128gb-second-fullset-mulus
(OFFICIAL) Iphone 12 Pro 512GB - Gold,21399000,2,https://www.bukalapak.com/p/handphone/hp-smartphone/iphone/4h59faj-jual-official-iphone-12-pro-512gb-gold
(OFFICIAL) Iphone 12 Pro Max 512GB - Graphite,22449000,1,https://www.bukalapak.com/p/handphone/hp-smartphone/iphone/4h59fl7-jual-official-iphone-12-pro-max-512gb-graphite
Iphone 13 mini 128GB - Red,12979000,1,https://www.bukalapak.com/p/handphone/hp-smartphone/iphone/4gwl98d-jual-iphone-13-mini-128gb-red
APPLE iPhone 11 Pro MAX 512GB - Midnight Green (Official Warranty),21499000,1,https://www.bukalapak.com/p/handphone/hp-smartphone/iphone/4h59evd-jual-apple-iphone-11-pro-max-512gb-midnight-green-official-warranty
Iphone 13 256GB - Starlight,17399000,4,https://www.bukalapak.com/p/handphone/hp-smartphone/iphone/4gwl99j-jual-iphone-13-256gb-starlight
iPhone 11 Pro 256Gb Second Fullset mulus terawat,7996000,145,https://www.bukalapak.com/p/handphone/hp-smartphone/iphone/3d2wxya-jual-iphone-11-pro-256gb-second-fullset-mulus-terawat
iPhone 11 Pro 64Gb Second Fullset Nominus Like new,7096000,15,https://www.bukalapak.com/p/handphone/hp-smartphone/iphone/2x3uyha-jual-iphone-11-pro-64gb-second-fullset-nominus-like-new
iPhone XR - Fullset Original Like New - Second - Bekas - Garansi 1 Tahun,4760000,10,https://www.bukalapak.com/p/handphone/hp-smartphone/iphone/4gzk3cy-jual-iphone-xr-fullset-original-like-new-second-bekas-garansi-1-tahun
iphone 8 plus 64gb second fullset mulus ex inter,3648000,21,https://www.bukalapak.com/p/handphone/hp-smartphone/iphone/2es5qj2-jual-iphone-8-plus-64gb-second-fullset-mulus-ex-inter
iPhone 12 Pro- Fullset Original Like New - Second - Bekas - Garansi 6 Bulan,11678000,9,https://www.bukalapak.com/p/handphone/hp-smartphone/iphone/4h4ifx7-jual-iphone-12-pro-fullset-original-like-new-second-bekas-garansi-6-bulan
Iphone 11 128gb Second Fullset mulus terawat,6698000,16,https://www.bukalapak.com/p/handphone/hp-smartphone/iphone/2uwuu8r-jual-iphone-11-128gb-second-fullset-mulus-terawat
iphone XS 64GB 256GB 512GB Bekas Second Ori 64 256 512 GB Seken Fulset,4550000,20,https://www.bukalapak.com/p/handphone/hp-smartphone/iphone/47ytcog-jual-iphone-xs-64gb-256gb-512gb-bekas-second-ori-64-256-512-gb-seken-fulset
Iphone 11 Pro 64gb second fullset mulus terawat,7098000,10,https://www.bukalapak.com/p/handphone/hp-smartphone/iphone/2x495gf-jual-iphone-11-pro-64gb-second-fullset-mulus-terawat
iBox iPhone 13 Pro ProMax Max 1TB Blue 512GB 256GB 128GB not 12 mini,22275000,3,https://www.bukalapak.com/p/handphone/hp-smartphone/iphone/4gwldea-jual-ibox-iphone-13-pro-promax-max-1tb-blue-512gb-256gb-128gb-not-12-mini
Iphone xs 256gb dual sim single on second fullset,4996000,14,https://www.bukalapak.com/p/handphone/hp-smartphone/iphone/1sz7hfx-jual-iphone-xs-256gb-dual-sim-single-on-second-fullset
APPLE iPhone 11 Pro MAX 64GB - Midnight Green (Official Warranty),15499000,1,https://www.bukalapak.com/p/handphone/hp-smartphone/iphone/4h59ezd-jual-apple-iphone-11-pro-max-64gb-midnight-green-official-warranty
Iphone 13 512GB - Red,20829000,3,https://www.bukalapak.com/p/handphone/hp-smartphone/iphone/4gwl9a1-jual-iphone-13-512gb-red
APPLE iPhone 11 Pro 512GB - Space Grey (Official Warranty),19999000,1,https://www.bukalapak.com/p/handphone/hp-smartphone/iphone/4h59ekd-jual-apple-iphone-11-pro-512gb-space-grey-official-warranty
(OFFICIAL) Iphone 12 Pro 512GB - Graphite,21399000,2,https://www.bukalapak.com/p/handphone/hp-smartphone/hp-android/4h59fc4-jual-official-iphone-12-pro-512gb-graphite
APPLE iPhone 11 Pro 512GB - Gold (Official Warranty),19999000,1,https://www.bukalapak.com/p/handphone/hp-smartphone/iphone/4h59epj-jual-apple-iphone-11-pro-512gb-gold-official-warranty
Iphone 13 512GB - Starlight,20989000,1,https://www.bukalapak.com/p/handphone/hp-smartphone/iphone/4gwl99y-jual-iphone-13-512gb-starlight
Iphone 12 mini 128GB - Red,11539000,2,https://www.bukalapak.com/p/handphone/hp-smartphone/iphone/4gwl99v-jual-iphone-12-mini-128gb-red
Iphone 13 512GB - Blue,21019000,4,https://www.bukalapak.com/p/handphone/hp-smartphone/iphone/4gwl9a4-jual-iphone-13-512gb-blue
Iphone 13 mini 256GB - Starlight,15459000,3,https://www.bukalapak.com/p/handphone/hp-smartphone/iphone/4gwl98y-jual-iphone-13-mini-256gb-starlight
Iphone 13 mini 256GB - Red,15449000,4,https://www.bukalapak.com/p/handphone/hp-smartphone/iphone/4gwl991-jual-iphone-13-mini-256gb-red
iPhone X Ten 64gb Second Normal Fullset mulus,4098000,19,https://www.bukalapak.com/p/handphone/hp-smartphone/iphone/23cajtd-jual-iphone-x-ten-64gb-second-normal-fullset-mulus
IPHONE 13 PRO MAX 4G ULTIMATE FS HDC,2150000,26,https://www.bukalapak.com/p/handphone/hp-smartphone/iphone/4gmtb8a-jual-iphone-13-pro-max-4g-ultimate-fs-hdc
Apple iPhone 11 64GB - 128GB - 256GB,6549000,9,https://www.bukalapak.com/p/handphone/hp-smartphone/iphone/4gf5yvg-jual-apple-iphone-11-64gb-128gb-256gb
iPhone 11 64GB - FULLSET - Apple - 64 GB - COD Semarang,5950000,990,https://www.bukalapak.com/p/handphone/hp-smartphone/iphone/49lux6s-jual-iphone-11-64gb-fullset-apple-64-gb-cod-semarang
Iphone 12 mini second original 64gb 128gb 256gb,7000000,49,https://www.bukalapak.com/p/handphone/hp-smartphone/iphone/4gwbrk1-jual-iphone-12-mini-second-original-64gb-128gb-256gb
iPhone 7 128 GB - FULLSET -  APPLE - 128GB - COD Jakarta,2300000,100,https://www.bukalapak.com/p/handphone/hp-smartphone/iphone/2rn76xc-jual-iphone-7-128-gb-fullset-apple-128gb-cod-jakarta
iPhone Xs 64gb Second Fullset No Minus,4496000,19,https://www.bukalapak.com/p/handphone/hp-smartphone/iphone/2tfcrf0-jual-iphone-xs-64gb-second-fullset-no-minus
IPHONE 8 SECOND,2600000,10,https://www.bukalapak.com/p/handphone/hp-smartphone/iphone/42obhmq-jual-iphone-8-second
iphone xs 64gb second mulus ex garansi internasional,4280000,486,https://www.bukalapak.com/p/handphone/hp-smartphone/iphone/3inwfkq-jual-iphone-xs-64gb-second-mulus-ex-garansi-internasional
iPhone 12 Pro Max- Fullset Original Like New - Second - Bekas - Garansi 6 Bulan,13711000,10,https://www.bukalapak.com/p/handphone/hp-smartphone/iphone/4h4igiy-jual-iphone-12-pro-max-fullset-original-like-new-second-bekas-garansi-6-bulan
APPLE iPhone 11 Pro 512GB - Midnight Green (Official Warranty),19999000,1,https://www.bukalapak.com/p/handphone/hp-smartphone/iphone/4h59eng-jual-apple-iphone-11-pro-512gb-midnight-green-official-warranty
Iphone 13 mini 256GB - Midnight,15529000,4,https://www.bukalapak.com/p/handphone/hp-smartphone/iphone/4gwl98s-jual-iphone-13-mini-256gb-midnight
(OFFICIAL) Iphone 13 Pro Max 256GB - Sierra Blue,22599000,3,https://www.bukalapak.com/p/handphone/hp-smartphone/iphone/4h59grv-jual-official-iphone-13-pro-max-256gb-sierra-blue
(OFFICIAL) Iphone 12 Pro 512GB - Blue,21399000,2,https://www.bukalapak.com/p/handphone/hp-smartphone/iphone/4h59ff1-jual-official-iphone-12-pro-512gb-blue
Iphone 12 mini 128GB - Black,11649000,4,https://www.bukalapak.com/p/handphone/hp-smartphone/iphone/4gwl99s-jual-iphone-12-mini-128gb-black
Apple iPhone XS 64GB - Second - Bekas - Fullset,4590000,2,https://www.bukalapak.com/p/handphone/hp-smartphone/iphone/4fhtssd-jual-apple-iphone-xs-64gb-second-bekas-fullset
IPhone XS 64 GB - FULLSET - 64GB - APPLE - COD Semarang,4450000,998,https://www.bukalapak.com/p/handphone/hp-smartphone/2ei5l9p-jual-iphone-xs-64-gb-fullset-64gb-apple-cod-semarang
Iphone XS Max 256GB Garansi 1 Tahun,5925000,738,https://www.bukalapak.com/p/handphone/hp-smartphone/iphone/4e8glvv-jual-iphone-xs-max-256gb-garansi-1-tahun
Iphone Xs 256gb Dual Sim Single On Second Fullset No Minus,4998000,22,https://www.bukalapak.com/p/handphone/hp-smartphone/iphone/1t00ndk-jual-iphone-xs-256gb-dual-sim-single-on-second-fullset-no-minus
apple iphone 13 Pro Max 128Gb Garansi 1 tahun semua operator,17465000,100,https://www.bukalapak.com/p/handphone/hp-smartphone/iphone/4gzayls-jual-apple-iphone-13-pro-max-128gb-garansi-1-tahun-semua-operator
iphone 6s plus 64gb bekas mulus,2400000,29,https://www.bukalapak.com/p/handphone/hp-smartphone/iphone/8m5j1r-jual-iphone-6s-plus-64gb-bekas-mulus
iPhone 7 Plus - Fullset Original Like New - Second - Bekas - Garansi 6 Bulan,3069000,10,https://www.bukalapak.com/p/handphone/hp-smartphone/iphone/4h4we5m-jual-iphone-7-plus-fullset-original-like-new-second-bekas-garansi-6-bulan
iphone x Ten 256gb second fullset,4298000,21,https://www.bukalapak.com/p/handphone/hp-smartphone/iphone/1a35jcq-jual-iphone-x-ten-256gb-second-fullset
Iphone xs max 64gb second original fullset mulus,5296000,16,https://www.bukalapak.com/p/handphone/hp-smartphone/iphone/1qu7oyt-jual-iphone-xs-max-64gb-second-original-fullset-mulus
iPhone 11 Pro Max - Fullset Original Like New - Second - Bekas - Garansi 1 Tahun,9430000,10,https://www.bukalapak.com/p/handphone/hp-smartphone/iphone/4gyvvcd-jual-iphone-11-pro-max-fullset-original-like-new-second-bekas-garansi-1-tahun
Iphone 13 mini 128GB - Blue,13069000,1,https://www.bukalapak.com/p/handphone/hp-smartphone/iphone/4gwl98j-jual-iphone-13-mini-128gb-blue
(OFFICIAL) Iphone 13 Pro Max 128GB - Sierra Blue,19699000,3,https://www.bukalapak.com/p/handphone/hp-smartphone/iphone/4h59gj4-jual-official-iphone-13-pro-max-128gb-sierra-blue
(OFFICIAL) Iphone 13 256GB - Blue,17199000,3,https://www.bukalapak.com/p/handphone/hp-smartphone/iphone/4h59gga-jual-official-iphone-13-256gb-blue
Iphone 13 512GB - Midnight,21029000,3,https://www.bukalapak.com/p/handphone/hp-smartphone/iphone/4gwl9a7-jual-iphone-13-512gb-midnight
(OFFICIAL) Iphone 12 64GB - Red,12499000,2,https://www.bukalapak.com/p/handphone/hp-smartphone/iphone/4h59f4g-jual-official-iphone-12-64gb-red
iPhone 11 64Gb black Second Fullset mulus terawat,5896000,189,https://www.bukalapak.com/p/handphone/hp-smartphone/iphone/3peb6tu-jual-iphone-11-64gb-black-second-fullset-mulus-terawat
Iphone 7 Plus 32Gb Second Fullset No Minus,2896000,19,https://www.bukalapak.com/p/handphone/hp-smartphone/iphone/2dp7d81-jual-iphone-7-plus-32gb-second-fullset-no-minus
iphone 11 PRO MAX 64GB 256GB 512GB Bekas Second PROMAX Ori 64 256 512 GB Seken Fulset,8800000,21,https://www.bukalapak.com/p/handphone/hp-smartphone/iphone/4gttda1-jual-iphone-11-pro-max-64gb-256gb-512gb-bekas-second-promax-ori-64-256-512-gb-seken-fulset
IPhone XS 256 GB - FULLSET - 256GB - APPLE - COD Semarang,5200000,996,https://www.bukalapak.com/p/handphone/hp-smartphone/iphone/3aji3jf-jual-iphone-xs-256-gb-fullset-256gb-apple-cod-semarang
Iphone XS Max 64GB Garansi 1 Tahun,5195000,89,https://www.bukalapak.com/p/handphone/hp-smartphone/iphone/4e8gb5g-jual-iphone-xs-max-64gb-garansi-1-tahun
apple iphone 13 128Gb Garansi 1 tahun IBOX INTER,12775000,79,https://www.bukalapak.com/p/handphone/hp-smartphone/iphone/4gpk60s-jual-apple-iphone-13-128gb-garansi-1-tahun-ibox-inter
Iphone 11 128gb Black Second Fullset mulus no kendala,6698000,19,https://www.bukalapak.com/p/handphone/hp-smartphone/iphone/3pava72-jual-iphone-11-128gb-black-second-fullset-mulus-no-kendala
Iphone 8 64gb Second Ex Inter No Minus fullset,2796000,19,https://www.bukalapak.com/p/handphone/hp-smartphone/iphone/26azyth-jual-iphone-8-64gb-second-ex-inter-no-minus-fullset
IPHONE 13 PRO MAX 4G RAM 3GB INTERNAL 32GB ULTIMATE FS HDC,2350000,28,https://www.bukalapak.com/p/handphone/hp-smartphone/iphone/4gukoud-jual-iphone-13-pro-max-4g-ram-3gb-internal-32gb-ultimate-fs-hdc
Iphone 12 mini 128GB - White,11649000,3,https://www.bukalapak.com/p/handphone/hp-smartphone/iphone/4gwl99p-jual-iphone-12-mini-128gb-white
Iphone 13 mini 256GB - Pink,15529000,3,https://www.bukalapak.com/p/handphone/hp-smartphone/iphone/4gwl98p-jual-iphone-13-mini-256gb-pink
iPhone XS - Fullset Original Like New - Second - Bekas - Garansi 6 Bulan,4583000,4,https://www.bukalapak.com/p/handphone/hp-smartphone/iphone/4h4i8y4-jual-iphone-xs-fullset-original-like-new-second-bekas-garansi-6-bulan
iPhone 11 - Fullset Original Like New - Second - Bekas - Garansi 6 Bulan,6237000,10,https://www.bukalapak.com/p/handphone/hp-smartphone/iphone/4h4ibys-jual-iphone-11-fullset-original-like-new-second-bekas-garansi-6-bulan
iPhone XR - Fullset Original Like New - Second - Bekas - Garansi 6 Bulan,4297000,5,https://www.bukalapak.com/p/handphone/hp-smartphone/iphone/4h4hca1-jual-iphone-xr-fullset-original-like-new-second-bekas-garansi-6-bulan
iPhone X - Fullset Original Like New - Second - Bekas - Garansi 6 Bulan,4066000,6,https://www.bukalapak.com/p/handphone/hp-smartphone/iphone/4h4750a-jual-iphone-x-fullset-original-like-new-second-bekas-garansi-6-bulan
iPhone 12 Pro- Fullset Original Like New - Second - Bekas - Garansi 6 Bulan,11678000,9,https://www.bukalapak.com/p/handphone/hp-smartphone/iphone/4h4ifx7-jual-iphone-12-pro-fullset-original-like-new-second-bekas-garansi-6-bulan
iPhone 7 - Fullset Original Like New - Second - Bekas - Garansi 6 Bulan,1999000,8,https://www.bukalapak.com/p/handphone/hp-smartphone/iphone/4h4w75g-jual-iphone-7-fullset-original-like-new-second-bekas-garansi-6-bulan
iPhone 8 Plus - Fullset Original Like New - Second - Bekas - Garansi 6 Bulan,4099000,10,https://www.bukalapak.com/p/handphone/hp-smartphone/iphone/4h4wgdp-jual-iphone-8-plus-fullset-original-like-new-second-bekas-garansi-6-bulan
Apple iPhone 12 128GB Garansi Resmi TAM - iBox Indonesia,12749000,100,https://www.bukalapak.com/p/handphone/hp-smartphone/44gy68y-jual-apple-iphone-12-128gb-garansi-resmi-tam-ibox-indonesia
Apple iPhone 11 128GB Black White Red Yellow Green Purple,9075000,99,https://www.bukalapak.com/p/handphone/hp-smartphone/2a67v3v-jual-apple-iphone-11-128gb-black-white-red-yellow-green-purple
Iphone X TEN 64Gb Second Ex Inter No Minus,4096000,16,https://www.bukalapak.com/p/handphone/hp-smartphone/iphone/1cvnxrt-jual-iphone-x-ten-64gb-second-ex-inter-no-minus
Apple iPhone 11  Pro Max 64GB Second Mulus Ex International fullset,8595000,168,https://www.bukalapak.com/p/handphone/hp-smartphone/iphone/4fqu39s-jual-apple-iphone-11-pro-max-64gb-second-mulus-ex-international-fullset
iPhone 11 PRO 64 GB - FULLSET - Apple - 64GB - COD Jakarta,6920000,48,https://www.bukalapak.com/p/handphone/hp-smartphone/iphone/2w4qxb6-jual-iphone-11-pro-64-gb-fullset-apple-64gb-cod-jakarta
IPhone XS 256 GB - FULLSET - 256GB - APPLE - COD Jakarta,5200000,43,https://www.bukalapak.com/p/handphone/hp-smartphone/iphone/3ajh1j8-jual-iphone-xs-256-gb-fullset-256gb-apple-cod-jakarta
Apple iPhone 6s Plus 32GB Original Garansi 1 Tahun,2118000,22,https://www.bukalapak.com/p/handphone/hp-smartphone/iphone/4by4upg-jual-apple-iphone-6s-plus-32gb-original-garansi-1-tahun
Iphone 7 Plus,1000000,3,https://www.bukalapak.com/p/handphone/hp-smartphone/iphone/4gqched-jual-iphone-7-plus
iphone 7 plus 256GB,3000000,7,https://www.bukalapak.com/p/handphone/hp-smartphone/iphone/4gh4ybd-jual-iphone-7-plus-256gb
Apple iPhone 7 128GB Fullset  All Sim Silent Original Mulus Garansi 1 Tahun,2448000,18,https://www.bukalapak.com/p/handphone/hp-smartphone/iphone/1yums8a-jual-apple-iphone-7-128gb-fullset-all-sim-silent-original-mulus-garansi-1-tahun
APPLE IPHONE 11 128 GB NEW SEGEL GREEN PELL,9259000,48,https://www.bukalapak.com/p/handphone/hp-smartphone/iphone/4gvad2a-jual-apple-iphone-11-128-gb-new-segel-green-pell
Brand New BNIB iPhone 11 64Gb Resmi TAM iBox Bandung Antapani DSK,7950000,3,https://www.bukalapak.com/p/handphone/hp-smartphone/iphone/4gluv6g-jual-brand-new-bnib-iphone-11-64gb-resmi-tam-ibox-bandung-antapani-dsk
Apple iPhone 13 Pro 256GB Garansi Resmi TAM - iBox Indonesia,20149000,999997,https://www.bukalapak.com/p/handphone/hp-smartphone/iphone/4gj5rmv-jual-apple-iphone-13-pro-256gb-garansi-resmi-tam-ibox-indonesia
Apple iPhone 11 64GB Black White Red Yellow Green Purple,7925000,99,https://www.bukalapak.com/p/handphone/hp-smartphone/2a648t6-jual-apple-iphone-11-64gb-black-white-red-yellow-green-purple
Apple iPhone 13 Pro 512GB Garansi Resmi TAM - iBox Indonesia,24099000,999999,https://www.bukalapak.com/p/handphone/hp-smartphone/iphone/4gj5roj-jual-apple-iphone-13-pro-512gb-garansi-resmi-tam-ibox-indonesia
Apple iPhone 13 128GB Garansi Resmi TAM - iBox Indonesia,13699000,999988,https://www.bukalapak.com/p/handphone/hp-smartphone/iphone/4gj37d7-jual-apple-iphone-13-128gb-garansi-resmi-tam-ibox-indonesia
Apple iPhone 13 Pro Max 128GB Garansi Resmi TAM - iBox Indonesia,19799000,999995,https://www.bukalapak.com/p/handphone/hp-smartphone/iphone/4gj5s57-jual-apple-iphone-13-pro-max-128gb-garansi-resmi-tam-ibox-indonesia
Apple iPhone 8 256GB Second mulus ex international usa fullset,3120000,290,https://www.bukalapak.com/p/handphone/hp-smartphone/iphone/1vrwngl-jual-apple-iphone-8-256gb-second-mulus-ex-international-usa-fullset
iPhone 11 128GB iBox New,9499000,20,https://www.bukalapak.com/p/handphone/hp-smartphone/iphone/4gueg7d-jual-iphone-11-128gb-ibox-new
IPHONE 8PLUS 64GB ORIGINAL GARANSI 1 TAHUN,4099000,5,https://www.bukalapak.com/p/handphone/hp-smartphone/iphone/4eudujv-jual-iphone-8plus-64gb-original-garansi-1-tahun
iPhone 7 128 GB - Fullset - 128GB - Apple - COD Surabaya,2300000,43,https://www.bukalapak.com/p/handphone/hp-smartphone/iphone/2wdu0ru-jual-iphone-7-128-gb-fullset-128gb-apple-cod-surabaya
iphone 11 PRO 64GB 256GB 512GB Bekas Second Ori 64 256 512 GB Seken Fulset,7390000,50,https://www.bukalapak.com/p/handphone/hp-smartphone/iphone/4guxv7s-jual-iphone-11-pro-64gb-256gb-512gb-bekas-second-ori-64-256-512-gb-seken-fulset
iphone 12 pro 128gb pacific blue second fullset lengkap mulus,11196000,13,https://www.bukalapak.com/p/handphone/hp-smartphone/465uvaa-jual-iphone-12-pro-128gb-pacific-blue-second-fullset-lengkap-mulus
iPhone 11 128Gb Second Fullset Like New No Minus,6696000,19,https://www.bukalapak.com/p/handphone/hp-smartphone/iphone/3jiz3x7-jual-iphone-11-128gb-second-fullset-like-new-no-minus
iPhone 11 64 GB - FULLSET - Apple - 128GB - COD Jakarta,5950000,190,https://www.bukalapak.com/p/handphone/hp-smartphone/iphone/35ardc3-jual-iphone-11-64-gb-fullset-apple-128gb-cod-jakarta
iPhone 7 Plus 32 GB - FULLSET - Mulus - 32GB - COD Surabaya,2870000,996,https://www.bukalapak.com/p/handphone/hp-smartphone/iphone/1pprc33-jual-iphone-7-plus-32-gb-fullset-mulus-32gb-cod-surabaya
IPHONE 6s SECOND FULLSET MULUS,1699000,2,https://www.bukalapak.com/p/handphone/hp-smartphone/hp-android/4gmsvud-jual-iphone-6s-second-fullset-mulus
Apple iPhone 13 256GB Garansi Resmi TAM - iBox Indonesia,16099000,999998,https://www.bukalapak.com/p/handphone/hp-smartphone/iphone/4gj37g1-jual-apple-iphone-13-256gb-garansi-resmi-tam-ibox-indonesia
Apple iPhone 13 512GB Garansi Resmi TAM - iBox Indonesia,19499000,999998,https://www.bukalapak.com/p/handphone/hp-smartphone/iphone/4gj37is-jual-apple-iphone-13-512gb-garansi-resmi-tam-ibox-indonesia
iPhone 12 Pro Max- Fullset Original Like New - Second - Bekas - Garansi 6 Bulan,13711000,10,https://www.bukalapak.com/p/handphone/hp-smartphone/iphone/4h4igiy-jual-iphone-12-pro-max-fullset-original-like-new-second-bekas-garansi-6-bulan
iPhone 11 64gb/128gb/256gb,6000000,14,https://www.bukalapak.com/p/handphone/hp-smartphone/iphone/4h53p71-jual-iphone-11-64gb-128gb-256gb
Iphone xr 128gb,4550000,9,https://www.bukalapak.com/p/handphone/hp-smartphone/iphone/3qn8yui-jual-iphone-xr-128gb
APPLE IPHONE 7 128GB Garansi Distributor PLATINUM 1 TAHUN,2428000,22,https://www.bukalapak.com/p/handphone/hp-smartphone/iphone/juabka-jual-apple-iphone-7-128gb-garansi-distributor-platinum-1-tahun
IBOX Apple iPhone 13 Iphone Mini 5G 128GB 256GB 512GB Red Starlight Midnight Blue Pink New,14701000,50,https://www.bukalapak.com/p/handphone/hp-smartphone/iphone/3a09ph8-jual-ibox-apple-iphone-13-iphone-mini-5g-128gb-256gb-512gb-red-starlight-midnight-blue-pink-new
IPhone 7 Plus 128gb Second Fullset Mulus Terawat,3196000,20,https://www.bukalapak.com/p/handphone/hp-smartphone/iphone/1yx4iz3-jual-iphone-7-plus-128gb-second-fullset-mulus-terawat
iPhone XS - Fullset Original Like New - Second - Bekas - Garansi 1 Tahun,5720000,9,https://www.bukalapak.com/p/handphone/hp-smartphone/iphone/4gyshhj-jual-iphone-xs-fullset-original-like-new-second-bekas-garansi-1-tahun
PROMO IBOX Apple iPhone 11 64GB 128GB 256GB Nano Esim Garansi Resmi iBox 1 Tahun iPhone XI,10147000,50,https://www.bukalapak.com/p/handphone/hp-smartphone/iphone/3de6lj1-jual-promo-ibox-apple-iphone-11-64gb-128gb-256gb-nano-esim-garansi-resmi-ibox-1-tahun-iphone-xi
iPhone 7 - Fullset Original Like New - Second - Bekas - Garansi 6 Bulan,1999000,8,https://www.bukalapak.com/p/handphone/hp-smartphone/iphone/4h4w75g-jual-iphone-7-fullset-original-like-new-second-bekas-garansi-6-bulan
Iphone 7 plus 128gb garansi distributor 1 tahun,3205000,84,https://www.bukalapak.com/p/handphone/hp-smartphone/iphone/3hjz4be-jual-iphone-7-plus-128gb-garansi-distributor-1-tahun
iPhone XR - Fullset Original Like New - Second - Bekas - Garansi 6 Bulan,4297000,5,https://www.bukalapak.com/p/handphone/hp-smartphone/iphone/4h4hca1-jual-iphone-xr-fullset-original-like-new-second-bekas-garansi-6-bulan
iPhone X - Fullset Original Like New - Second - Bekas - Garansi 6 Bulan,4066000,6,https://www.bukalapak.com/p/handphone/hp-smartphone/iphone/4h4750a-jual-iphone-x-fullset-original-like-new-second-bekas-garansi-6-bulan
iPhone XS - Fullset Original Like New - Second - Bekas - Garansi 6 Bulan,4583000,4,https://www.bukalapak.com/p/handphone/hp-smartphone/iphone/4h4i8y4-jual-iphone-xs-fullset-original-like-new-second-bekas-garansi-6-bulan
IPhone 11 Pro 64gb/256gb,6800000,5,https://www.bukalapak.com/p/handphone/hp-smartphone/iphone/4h55bys-jual-iphone-11-pro-64gb-256gb
Iphone xs max 256gb,5800000,10,https://www.bukalapak.com/p/handphone/hp-smartphone/iphone/3qnavl3-jual-iphone-xs-max-256gb
IPhone XS 64gb/256gb/512gb,4300000,5,https://www.bukalapak.com/p/handphone/hp-smartphone/iphone/4h55bhs-jual-iphone-xs-64gb-256gb-512gb
iPhone 8 64gb/256gb,2600000,9,https://www.bukalapak.com/p/handphone/hp-smartphone/iphone/4h54xij-jual-iphone-8-64gb-256gb
Iphone xr 64gb,3950000,10,https://www.bukalapak.com/p/handphone/hp-smartphone/iphone/3qn8j5s-jual-iphone-xr-64gb
Iphone 12 mini 128GB - White,11649000,3,https://www.bukalapak.com/p/handphone/hp-smartphone/iphone/4gwl99p-jual-iphone-12-mini-128gb-white
iPhone XS Max - Fullset Original Like New - Second - Bekas - Garansi 6 Bulan,5125000,9,https://www.bukalapak.com/p/handphone/hp-smartphone/iphone/4h4i9na-jual-iphone-xs-max-fullset-original-like-new-second-bekas-garansi-6-bulan
Iphone 12 Pro Max 256GB - Blue,19409000,2,https://www.bukalapak.com/p/handphone/hp-smartphone/iphone/4gwl9am-jual-iphone-12-pro-max-256gb-blue
iPhone 8 - Fullset Original Like New - Second - Bekas - Garansi 6 Bulan,2895000,6,https://www.bukalapak.com/p/handphone/hp-smartphone/iphone/4h4wffv-jual-iphone-8-fullset-original-like-new-second-bekas-garansi-6-bulan
iPhone XR SECOND,3950000,10,https://www.bukalapak.com/p/handphone/hp-smartphone/iphone/4h3d6ls-jual-iphone-xr-second
iPhone 11 - Fullset Original Like New - Second - Bekas - Garansi 6 Bulan,6237000,10,https://www.bukalapak.com/p/handphone/hp-smartphone/iphone/4h4ibys-jual-iphone-11-fullset-original-like-new-second-bekas-garansi-6-bulan
Iphone X 64Gb Second Mulus ex international  fullset,3695000,473,https://www.bukalapak.com/p/handphone/hp-smartphone/iphone/2hwtvpf-jual-iphone-x-64gb-second-mulus-ex-international-fullset
iPhone X - Fullset Original Like New - Second - Bekas - Garansi 1 Tahun,4380000,10,https://www.bukalapak.com/p/handphone/hp-smartphone/iphone/4gzk3rg-jual-iphone-x-fullset-original-like-new-second-bekas-garansi-1-tahun
iPhone 11 Pro - Fullset Original Like New - Second - Bekas - Garansi 6 Bulan,8195000,3,https://www.bukalapak.com/p/handphone/hp-smartphone/iphone/4h4id0p-jual-iphone-11-pro-fullset-original-like-new-second-bekas-garansi-6-bulan
IPhone 8 256 GB - Fullset - Mulus - APPLE 256GB - COD Semarang,3200000,100,https://www.bukalapak.com/p/handphone/hp-smartphone/iphone/2hu7o3x-jual-iphone-8-256-gb-fullset-mulus-apple-256gb-cod-semarang
Iphone Xr 64gb second fullset mulus ex inter,4148000,16,https://www.bukalapak.com/p/handphone/hp-smartphone/iphone/2kow2g9-jual-iphone-xr-64gb-second-fullset-mulus-ex-inter
iPhone 8 Plus - Fullset Original Like New - Second - Bekas - Garansi 6 Bulan,4099000,10,https://www.bukalapak.com/p/handphone/hp-smartphone/iphone/4h4wgdp-jual-iphone-8-plus-fullset-original-like-new-second-bekas-garansi-6-bulan
Apple iPhone XR 128GB All Sim Silent Fullset Original Mulus 3utools All Green GaransiI 1 Tahun,4898000,20,https://www.bukalapak.com/p/handphone/hp-smartphone/iphone/4c17a4j-jual-apple-iphone-xr-128gb-all-sim-silent-fullset-original-mulus-3utools-all-green-garansii-1-tahun
APPLE IPHONE XR 64GB GARANSI 1 TAHUN,4398000,24,https://www.bukalapak.com/p/handphone/hp-smartphone/iphone/4crotfj-jual-apple-iphone-xr-64gb-garansi-1-tahun
iPhone SE 64GB 32GB 16GB Resmi iBox FULLSET not 5s 6 6S,1550000,27,https://www.bukalapak.com/p/handphone/hp-smartphone/iphone/4guaxzg-jual-iphone-se-64gb-32gb-16gb-resmi-ibox-fullset-not-5s-6-6s
iPhone 11 Pro SECOND,7000000,3,https://www.bukalapak.com/p/handphone/hp-smartphone/iphone/4h3d68s-jual-iphone-11-pro-second
iPhone 11 SECOND,5750000,5,https://www.bukalapak.com/p/handphone/hp-smartphone/iphone/4h3d60a-jual-iphone-11-second
iPhone 6s /128gb,1695000,1,https://www.bukalapak.com/p/handphone/hp-smartphone/iphone/4h41xj7-jual-iphone-6s-128gb
iPhone 8 Plus SECOND,3500000,1,https://www.bukalapak.com/p/handphone/hp-smartphone/iphone/4h3d5gv-jual-iphone-8-plus-second
Apple iPhone 8 Plus 256GB Black Red Silver Gold - ALL OPERATOR,4549000,5,https://www.bukalapak.com/p/handphone/hp-smartphone/iphone/453g98q-jual-apple-iphone-8-plus-256gb-black-red-silver-gold-all-operator
iPhone XS Max - Fullset Original Like New - Second - Bekas - Garansi 1 Tahun,5380000,10,https://www.bukalapak.com/p/handphone/hp-smartphone/iphone/4gysj1d-jual-iphone-xs-max-fullset-original-like-new-second-bekas-garansi-1-tahun
Iphone 12 Mini 64GB 128GB Second Bekas Original Fullset,7100000,50,https://www.bukalapak.com/p/handphone/hp-smartphone/iphone/4gruaey-jual-iphone-12-mini-64gb-128gb-second-bekas-original-fullset
Iphone 4 apple,160000,2,https://www.bukalapak.com/p/handphone/hp-smartphone/iphone/4gxlmnm-jual-iphone-4-apple
APPLE IPHONE 6S PLUS 64GB Garansi PLATINUM 1 TAHUN,2258000,26,https://www.bukalapak.com/p/handphone/hp-smartphone/iphone/jvh5r6-jual-apple-iphone-6s-plus-64gb-garansi-platinum-1-tahun
IPHONE XS MAX SECOND GARANSI 2 MINGGU GREY GOLD SILVER,6990500,6,https://www.bukalapak.com/p/handphone/hp-smartphone/iphone/4h5kpny-jual-iphone-xs-max-second-garansi-2-minggu-grey-gold-silver
Apple Iphone 8. Gold. 256 GB,3000000,7,https://www.bukalapak.com/p/handphone/hp-smartphone/iphone/337m72j-jual-apple-iphone-8-gold-256-gb
Preloved Iphone 6splus 64gb,2000000,38,https://www.bukalapak.com/p/handphone/hp-smartphone/iphone/4gozc71-jual-preloved-iphone-6splus-64gb
HP iPhone 6s 64GB,1700000,3,https://www.bukalapak.com/p/handphone/hp-smartphone/iphone/4gwbnsj-jual-hp-iphone-6s-64gb
iPhone 11 64 GB - Fullset - Apple 64GB - COD Surabaya,5950000,97,https://www.bukalapak.com/p/handphone/hp-smartphone/iphone/2w5pqw7-jual-iphone-11-64-gb-fullset-apple-64gb-cod-surabaya
iPhone 7 Plus 32 GB - FULLSET - Mulus - 32GB - COD Jakarta,2870000,95,https://www.bukalapak.com/p/handphone/hp-smartphone/iphone/3ksd3ht-jual-iphone-7-plus-32-gb-fullset-mulus-32gb-cod-jakarta
Apple iPhone XR 64GB - Bergaransi 1 tahun,4449000,5,https://www.bukalapak.com/p/handphone/hp-smartphone/iphone/49vuxu9-jual-apple-iphone-xr-64gb-bergaransi-1-tahun
Apple iPhone XR 64GB 128GB 256GB - Garansi 1 tahun,4449000,7,https://www.bukalapak.com/p/handphone/hp-smartphone/iphone/4b8fb67-jual-apple-iphone-xr-64gb-128gb-256gb-garansi-1-tahun
Apple iPhone 8 256GB,3499000,3,https://www.bukalapak.com/p/handphone/hp-smartphone/4d9j2wg-jual-apple-iphone-8-256gb
Apple iPhone X 256GB,3999000,11,https://www.bukalapak.com/p/handphone/hp-smartphone/iphone/2km5xoo-jual-apple-iphone-x-256gb
Apple iPhone 7 Plus 128GB - Free Tempred Glass,3349000,19,https://www.bukalapak.com/p/handphone/hp-smartphone/iphone/uwh7ml-jual-apple-iphone-7-plus-128gb-free-tempred-glass
Apple Iphone X 64Gb - Garansi 1 Tahun,3960000,10,https://www.bukalapak.com/p/handphone/hp-smartphone/iphone/4gvgrad-jual-apple-iphone-x-64gb-garansi-1-tahun
iphone 8 plus,10000000,51,https://www.bukalapak.com/p/handphone/hp-smartphone/iphone/2vbxrqo-jual-iphone-8-plus
iPhone Xs Max 256gb Dual Sim Single On SG set Second Original,5998000,28,https://www.bukalapak.com/p/handphone/hp-smartphone/iphone/1qmhmcl-jual-iphone-xs-max-256gb-dual-sim-single-on-sg-set-second-original
Iphone 6s+128gb,3500000,4,https://www.bukalapak.com/p/handphone/hp-smartphone/iphone/4h0boo1-jual-iphone-6s-128gb
Iphone 6s,1520000,2,https://www.bukalapak.com/p/handphone/hp-smartphone/iphone/4giifcd-jual-iphone-6s
iPhone 5S 16GB Resmi iBox Erajaya Original Fullset,975000,3,https://www.bukalapak.com/p/handphone/hp-smartphone/10byg3y-jual-iphone-5s-16gb-resmi-ibox-erajaya-original-fullset
Iphone Xr 64gb white dual sim single on second original no minus,4148000,17,https://www.bukalapak.com/p/handphone/hp-smartphone/iphone/2kovbw0-jual-iphone-xr-64gb-white-dual-sim-single-on-second-original-no-minus
Iphone 11 second garansi 2 minggu pastel color,6990500,16,https://www.bukalapak.com/p/handphone/hp-smartphone/iphone/4h5kp2y-jual-iphone-11-second-garansi-2-minggu-pastel-color
iPhone 11 pro max,6900000,10,https://www.bukalapak.com/p/handphone/hp-smartphone/iphone/4ggjmlv-jual-iphone-11-pro-max
iPhone 8 64gb silver Second Normal Fullset ex inter,2798000,19,https://www.bukalapak.com/p/handphone/hp-smartphone/iphone/3bnue1a-jual-iphone-8-64gb-silver-second-normal-fullset-ex-inter
Apple iPhone 7 Plus 128GB Black Gold Rose Red - All Operator,3349000,5,https://www.bukalapak.com/p/handphone/hp-smartphone/iphone/43s9brq-jual-apple-iphone-7-plus-128gb-black-gold-rose-red-all-operator
Apple iPhone 7 Plus 32GB - Free Tempred Glass,3049000,4,https://www.bukalapak.com/p/handphone/hp-smartphone/iphone/uwgsn3-jual-apple-iphone-7-plus-32gb-free-tempred-glass
Apple iPhone 6s PLUS 64 GB Gold - Free Tempered Glass,2375000,5,https://www.bukalapak.com/p/handphone/hp-smartphone/iphone/90suws-jual-apple-iphone-6s-plus-64-gb-gold-free-tempered-glass
Apple iPhone 7 32GB - Free Tempred Glass,2249000,5,https://www.bukalapak.com/p/handphone/hp-smartphone/uwdhol-jual-apple-iphone-7-32gb-free-tempred-glass
Apple iPhone XS MAX 64GB 256GB - Bergaransi 1 tahun,5099000,4,https://www.bukalapak.com/p/handphone/hp-smartphone/iphone/4b8emzp-jual-apple-iphone-xs-max-64gb-256gb-bergaransi-1-tahun
Apple iPhone XS 64GB 256GB - Bergaransi 1 tahun,4475000,5,https://www.bukalapak.com/p/handphone/hp-smartphone/iphone/4b8e1rm-jual-apple-iphone-xs-64gb-256gb-bergaransi-1-tahun
Apple iPhone 7 32GB Rose Black Gold Red - All Operator,2249000,4,https://www.bukalapak.com/p/handphone/hp-smartphone/iphone/43s77pj-jual-apple-iphone-7-32gb-rose-black-gold-red-all-operator
Apple iPhone 8 Plus 64GB Black Red Silver Gold - All Operator,3925000,9,https://www.bukalapak.com/p/handphone/hp-smartphone/iphone/43s6ftd-jual-apple-iphone-8-plus-64gb-black-red-silver-gold-all-operator
Apple iPhone 7 Plus 32GB Black Gold Rose Red - All Operator,3049000,5,https://www.bukalapak.com/p/handphone/hp-smartphone/iphone/43s8icf-jual-apple-iphone-7-plus-32gb-black-gold-rose-red-all-operator
Apple IPhone 6s Plus 32GB RoseGold,2275000,4,https://www.bukalapak.com/p/handphone/hp-smartphone/iphone/3nzhyag-jual-apple-iphone-6s-plus-32gb-rosegold
link hp iphone 11,2000000,1,https://www.bukalapak.com/p/handphone/hp-smartphone/iphone/4g8pt9a-jual-link-hp-iphone-11
SECOND IPHONE 7,1600000,99,https://www.bukalapak.com/p/handphone/hp-smartphone/iphone/4gcjvjm-jual-second-iphone-7
IPHONE 11 64 GB IPHONE 11 64GB IPHONE11 64 GB IPHONE11 64GB SECOND BEKAS MULUS FULLSET NORMAL,6550000,2,https://www.bukalapak.com/p/handphone/hp-smartphone/iphone/4fzpgl7-jual-iphone-11-64-gb-iphone-11-64gb-iphone11-64-gb-iphone11-64gb-second-bekas-mulus-fullset-normal
Iphone XS 256gb Gold Second Fullset mulus ex inter,5098000,16,https://www.bukalapak.com/p/handphone/hp-smartphone/iphone/2wydjpo-jual-iphone-xs-256gb-gold-second-fullset-mulus-ex-inter
iPhone 11 Pro Max 256Gb Grey Second Fullset Mulus terawat,9796000,175,https://www.bukalapak.com/p/handphone/hp-smartphone/iphone/3pejlrj-jual-iphone-11-pro-max-256gb-grey-second-fullset-mulus-terawat
iPhone 12 Mini 64 128 256 Gb,7600000,9,https://www.bukalapak.com/p/handphone/hp-smartphone/iphone/4gvee67-jual-iphone-12-mini-64-128-256-gb
IPHONE 7 ORIGINAL SECOND,3500000,82,https://www.bukalapak.com/p/handphone/hp-smartphone/iphone/4fhvkcm-jual-iphone-7-original-second
IPHONE 12 PRO MAX 4G ULTIMATE FS HDC,2050000,30,https://www.bukalapak.com/p/handphone/hp-smartphone/iphone/4gmy6jy-jual-iphone-12-pro-max-4g-ultimate-fs-hdc
APPLE IPHONE 6S PLUS 32GB Garansi PLATINUM 1 TAHUN,2118000,26,https://www.bukalapak.com/p/handphone/hp-smartphone/iphone/17cv7y9-jual-apple-iphone-6s-plus-32gb-garansi-platinum-1-tahun
Iphone 12 Mini 64 GB Second Seken Bekas Ori Original Fullset,6930000,1,https://www.bukalapak.com/p/handphone/hp-smartphone/iphone/4h5a3dp-jual-iphone-12-mini-64-gb-second-seken-bekas-ori-original-fullset
Apple iPhone X 64GB 256GB Grey Silver,3999000,8,https://www.bukalapak.com/p/handphone/hp-smartphone/iphone/2mpg65t-jual-apple-iphone-x-64gb-256gb-grey-silver
Apple iPhone 6s PLUS 64 GB Rose Gold - Free Tempered Glass,2375000,5,https://www.bukalapak.com/p/handphone/hp-smartphone/iphone/90sugt-jual-apple-iphone-6s-plus-64-gb-rose-gold-free-tempered-glass
Apple iPhone 8 64GB,2999000,8,https://www.bukalapak.com/p/handphone/hp-smartphone/iphone/1zngl3j-jual-apple-iphone-8-64gb
Iphone 8 plus 64gb second,3266500,1,https://www.bukalapak.com/p/handphone/hp-smartphone/iphone/4h7kcb4-jual-iphone-8-plus-64gb-second
Apple iPhone 11 PRO 64 GB / 256 GB,7899000,5,https://www.bukalapak.com/p/handphone/hp-smartphone/iphone/4h3e0my-jual-apple-iphone-11-pro-64-gb-256-gb
Iphone Xs 64gb  Second Fullset mulus ex inter,4498000,20,https://www.bukalapak.com/p/handphone/hp-smartphone/iphone/2tfd1sm-jual-iphone-xs-64gb-second-fullset-mulus-ex-inter
iPhone 7 256 GB Bukan 128 atau 32 - Fullset - Apple - iPhone7 256GB - COD Jakarta,2400000,97,https://www.bukalapak.com/p/handphone/hp-smartphone/iphone/11swamz-jual-iphone-7-256-gb-bukan-128-atau-32-fullset-apple-iphone7-256gb-cod-jakarta
IPHONE 8 64 GB IPHONE 8 64GB IPHONE8 64 GB IPHONE8 64GB APPLE MURAH MULUS BEKAS SECOND FULLSET ALL OPERATOR,3000000,3,https://www.bukalapak.com/p/handphone/hp-smartphone/iphone/4foidyj-jual-iphone-8-64-gb-iphone-8-64gb-iphone8-64-gb-iphone8-64gb-apple-murah-mulus-bekas-second-fullset-all-operator
iphone 12 pro 128gb second fullset lengkap mulus,11196000,20,https://www.bukalapak.com/p/handphone/hp-smartphone/4654jp3-jual-iphone-12-pro-128gb-second-fullset-lengkap-mulus
Iphone 11 64Gb Second Mulus ex international fullset,5675000,1796,https://www.bukalapak.com/p/handphone/hp-smartphone/iphone/4f3jkxp-jual-iphone-11-64gb-second-mulus-ex-international-fullset
IPHONE 11 PROMAX,8000000,1,https://www.bukalapak.com/p/handphone/hp-smartphone/iphone/4gpaiod-jual-iphone-11-promax
iPhone XR 64GB 128GB,7100000,4,https://www.bukalapak.com/p/handphone/hp-smartphone/iphone/4f1ae91-jual-iphone-xr-64gb-128gb
iphone x 256gb second mulus ex internasional garansi 1 bulan,4015000,494,https://www.bukalapak.com/p/handphone/hp-smartphone/iphone/3oxod2y-jual-iphone-x-256gb-second-mulus-ex-internasional-garansi-1-bulan
iphone x - silver 64 gb,4650000,8,https://www.bukalapak.com/p/handphone/hp-smartphone/iphone/4glrlb7-jual-iphone-x-silver-64-gb
iphone X Ten 64gb grey second fullset,4098000,19,https://www.bukalapak.com/p/handphone/hp-smartphone/iphone/1agjh6h-jual-iphone-x-ten-64gb-grey-second-fullset
Apple iPhone 13 128GB 256GB 512GB,14779000,9,https://www.bukalapak.com/p/handphone/hp-smartphone/iphone/4h6iuxj-jual-apple-iphone-13-128gb-256gb-512gb
IPHON 10,9900000,1,https://www.bukalapak.com/p/handphone/hp-smartphone/iphone/4h72cna-jual-iphon-10
Apple iPhone 13 PRO 128GB 256GB 512GB 1TB,18199000,9,https://www.bukalapak.com/p/handphone/hp-smartphone/iphone/4h6iubs-jual-apple-iphone-13-pro-128gb-256gb-512gb-1tb
Apple iPhone 13 MINI 128GB 256GB 512GB,12849000,9,https://www.bukalapak.com/p/handphone/hp-smartphone/iphone/4h6iv6d-jual-apple-iphone-13-mini-128gb-256gb-512gb
Apple iPhone 13 PRO MAX 128GB 256GB 512GB 1TB,19760000,9,https://www.bukalapak.com/p/handphone/hp-smartphone/iphone/4h6iup7-jual-apple-iphone-13-pro-max-128gb-256gb-512gb-1tb
Apple iPhone 6S Plus 64GB GARANSI PLATINUM,2258000,22,https://www.bukalapak.com/p/handphone/hp-smartphone/iphone/k95ndf-jual-apple-iphone-6s-plus-64gb-garansi-platinum
IPHONE XR 64 GB,3800000,8,https://www.bukalapak.com/p/handphone/hp-smartphone/iphone/4gzviu1-jual-iphone-xr-64-gb
IPHONE 6 32Gb,1500000,7,https://www.bukalapak.com/p/handphone/hp-smartphone/iphone/4gnb6tg-jual-iphone-6-32gb
IPHONE 6S 64GB SECOND LENGKAP,2500000,24,https://www.bukalapak.com/p/handphone/hp-smartphone/iphone/4h68dqs-jual-iphone-6s-64gb-second-lengkap
IPhone XS 64 GB - FULLSET - 64GB - APPLE - COD Surabaya,4450000,47,https://www.bukalapak.com/p/handphone/hp-smartphone/iphone/2ei0tjh-jual-iphone-xs-64-gb-fullset-64gb-apple-cod-surabaya
Apple iPhone 8 64Gb Second Original,2840000,8,https://www.bukalapak.com/p/handphone/hp-smartphone/iphone/2ecb1xd-jual-apple-iphone-8-64gb-second-original
Iphone 8 256gb,3600000,6,https://www.bukalapak.com/p/handphone/hp-smartphone/iphone/4gmtsmm-jual-iphone-8-256gb
iPhone 11 PRO 64 GB - FULLSET - Apple - 64GB - COD Semarang,6920000,999,https://www.bukalapak.com/p/handphone/hp-smartphone/iphone/2w63b0z-jual-iphone-11-pro-64-gb-fullset-apple-64gb-cod-semarang
Apple iPhone 12 64GB Garansi Resmi,12499000,47,https://www.bukalapak.com/p/handphone/hp-smartphone/iphone/4feyaqy-jual-apple-iphone-12-64gb-garansi-resmi
Iphone 12 Pro Max 256GB - Blue,19409000,2,https://www.bukalapak.com/p/handphone/hp-smartphone/iphone/4gwl9am-jual-iphone-12-pro-max-256gb-blue
iPhone 11 Pro Max- Fullset Original Like New - Second - Bekas - Garansi 6 Bulan,9809000,9,https://www.bukalapak.com/p/handphone/hp-smartphone/iphone/4h4ie51-jual-iphone-11-pro-max-fullset-original-like-new-second-bekas-garansi-6-bulan
Iphone xs max 64gb,5400000,15,https://www.bukalapak.com/p/handphone/hp-smartphone/3qna6wm-jual-iphone-xs-max-64gb
IPHONE 6S 64GB,1250000,14,https://www.bukalapak.com/p/handphone/hp-smartphone/iphone/29vtoiq-jual-iphone-6s-64gb
iPhone 11 pro max 64gb/256gb/512gb,8499000,5,https://www.bukalapak.com/p/handphone/hp-smartphone/iphone/4h55afa-jual-iphone-11-pro-max-64gb-256gb-512gb
IPHONE 8 PLUS 256GB,3900000,15,https://www.bukalapak.com/p/handphone/hp-smartphone/iphone/2b1fmpj-jual-iphone-8-plus-256gb
Iphone xr 256gb,4800000,10,https://www.bukalapak.com/p/handphone/hp-smartphone/iphone/3qn9gap-jual-iphone-xr-256gb
iPhone SE 2016 Space Grey 32GB,1425000,1,https://www.bukalapak.com/p/handphone/hp-smartphone/iphone/4h7grem-jual-iphone-se-2016-space-grey-32gb
Iphone Xr 128Gb Second Fulllset No Minus,4696000,23,https://www.bukalapak.com/p/handphone/hp-smartphone/iphone/22dzkjc-jual-iphone-xr-128gb-second-fulllset-no-minus
iphone 11 PRO MAX 64GB 256GB 512GB Bekas Second PROMAX Ori 64 256 512 GB Seken Fulset,8800000,21,https://www.bukalapak.com/p/handphone/hp-smartphone/iphone/4gttda1-jual-iphone-11-pro-max-64gb-256gb-512gb-bekas-second-promax-ori-64-256-512-gb-seken-fulset
iPhone 12 ex iBox 128GB,10990000,1,https://www.bukalapak.com/p/handphone/hp-smartphone/iphone/4h7joh1-jual-iphone-12-ex-ibox-128gb
IPHONE 11 128 GB GRNSI RESMI TAM,5500000,27,https://www.bukalapak.com/p/handphone/hp-smartphone/iphone/4h5w1b7-jual-iphone-11-128-gb-grnsi-resmi-tam
iPhone 11 64Gb Fullset,6195000,9,https://www.bukalapak.com/p/handphone/hp-smartphone/iphone/4h2geej-jual-iphone-11-64gb-fullset
iPhone X 64 GB - FULLSET - Apple 64GB - COD Surabaya,3830000,998,https://www.bukalapak.com/p/handphone/hp-smartphone/iphone/2hu6042-jual-iphone-x-64-gb-fullset-apple-64gb-cod-surabaya
Apple Iphone X 256Gb - Garansi 1 Tahun,4449000,5,https://www.bukalapak.com/p/handphone/hp-smartphone/iphone/4gvgrf7-jual-apple-iphone-x-256gb-garansi-1-tahun
APPLE IPHONE 7 PLUS 128GB GARANSI DISTRIBUTOR 1 TAHUN,3358000,22,https://www.bukalapak.com/p/handphone/hp-smartphone/iphone/1yuwmrm-jual-apple-iphone-7-plus-128gb-garansi-distributor-1-tahun
Apple iPhone 12 Pro Max 256GB Graphite Blue Gold Silver Garansi 1Tahun,18600000,42,https://www.bukalapak.com/p/handphone/hp-smartphone/iphone/3v0nmpc-jual-apple-iphone-12-pro-max-256gb-graphite-blue-gold-silver-garansi-1tahun
Apple iPhone 7Plus 32GB All Sim Silent Fullset Original Mulus 3utools All Green Garansi 1 Tahun,2988000,26,https://www.bukalapak.com/p/handphone/hp-smartphone/iphone/4frva9y-jual-apple-iphone-7plus-32gb-all-sim-silent-fullset-original-mulus-3utools-all-green-garansi-1-tahun
Iphone 12 Pro 256GB - Blue,17699000,1,https://www.bukalapak.com/p/handphone/hp-smartphone/iphone/4gwl9b1-jual-iphone-12-pro-256gb-blue
Iphone 6plus 16gb all provider second like new,1500000,96,https://www.bukalapak.com/p/handphone/hp-smartphone/iphone/4h4k89y-jual-iphone-6plus-16gb-all-provider-second-like-new
Apple Iphone X 64GB Garansi Distributor 1 Tahun,4118000,24,https://www.bukalapak.com/p/handphone/hp-smartphone/iphone/krb4tb-jual-apple-iphone-x-64gb-garansi-distributor-1-tahun
Iphone 11 Pro Max 64gb second fullset mulus terawat,8698000,20,https://www.bukalapak.com/p/handphone/hp-smartphone/iphone/2x4857f-jual-iphone-11-pro-max-64gb-second-fullset-mulus-terawat
Iphone 11 64gb Second Fullset mulus terawat,5898000,13,https://www.bukalapak.com/p/handphone/hp-smartphone/iphone/3bz246b-jual-iphone-11-64gb-second-fullset-mulus-terawat
iPhone 12 Pro Max - 256GB - Resmi iBox Indonesia - TAM,19399000,5,https://www.bukalapak.com/p/handphone/hp-smartphone/iphone/3hvdogz-jual-iphone-12-pro-max-256gb-resmi-ibox-indonesia-tam
iPhone 12 Mini 128GB Garansi Resmi iBox,12299000,3,https://www.bukalapak.com/p/handphone/hp-smartphone/iphone/4afdqud-jual-iphone-12-mini-128gb-garansi-resmi-ibox
iPhone 12 128GB Garansi Resmi iBox,12799000,3,https://www.bukalapak.com/p/handphone/hp-smartphone/iphone/4afe55i-jual-iphone-12-128gb-garansi-resmi-ibox
iPhone 11 Pro Second MINUS FACE ID,5850000,10,https://www.bukalapak.com/p/handphone/hp-smartphone/iphone/4h5c4md-jual-iphone-11-pro-second-minus-face-id
Apple iPhone 7 Plus 128GB - Free Tempred Glass,3349000,19,https://www.bukalapak.com/p/handphone/hp-smartphone/iphone/uwh7ml-jual-apple-iphone-7-plus-128gb-free-tempred-glass
IPhone XS 64 GB - FULLSET - 64GB - APPLE - COD Jakarta,4450000,995,https://www.bukalapak.com/p/handphone/hp-smartphone/iphone/2ehgnvh-jual-iphone-xs-64-gb-fullset-64gb-apple-cod-jakarta
Iphone 7plus 64gb,3000000,10,https://www.bukalapak.com/p/handphone/hp-smartphone/iphone/4gmm8n4-jual-iphone-7plus-64gb
iphone 7 plus 32gb rosegold ex singapore fullset,5000000,7,https://www.bukalapak.com/p/handphone/hp-smartphone/2ta610r-jual-iphone-7-plus-32gb-rosegold-ex-singapore-fullset
iBox iPhone 12 - 64GB 128GB 256GB - Graphite Silver Red Blue Green - Single SIm Nano Esim DualSIm BNIB,10246000,50,https://www.bukalapak.com/p/handphone/hp-smartphone/iphone/4acgwl6-jual-ibox-iphone-12-64gb-128gb-256gb-graphite-silver-red-blue-green-single-sim-nano-esim-dualsim-bnib
Apple iPhone 11 128GB Garansi 1 Tahun,7275000,98,https://www.bukalapak.com/p/handphone/hp-smartphone/iphone/4gsrogd-jual-apple-iphone-11-128gb-garansi-1-tahun
Iphone 7 plus 128gb gold second fullset mulus ex inter,3198000,17,https://www.bukalapak.com/p/handphone/hp-smartphone/iphone/2dby23b-jual-iphone-7-plus-128gb-gold-second-fullset-mulus-ex-inter
Iphone Xs Max 64Gb Dual Single On Second Fullset No Minus,5298000,22,https://www.bukalapak.com/p/handphone/hp-smartphone/iphone/2bmuwz3-jual-iphone-xs-max-64gb-dual-single-on-second-fullset-no-minus
iphone xs 256gb second mulus ex garansi internasional,4845000,48,https://www.bukalapak.com/p/handphone/hp-smartphone/iphone/4e7lfd1-jual-iphone-xs-256gb-second-mulus-ex-garansi-internasional
iPhone 12 Mini 64GB Garansi Resmi iBox,10699000,2,https://www.bukalapak.com/p/handphone/hp-smartphone/iphone/48u2i7m-jual-iphone-12-mini-64gb-garansi-resmi-ibox
iPhone 11 64GB Garansi Resmi TAM - iBox,7849000,2,https://www.bukalapak.com/p/handphone/hp-smartphone/iphone/3b8bcm5-jual-iphone-11-64gb-garansi-resmi-tam-ibox
iPhone 12 Pro Max - 512GB - iBox Indonesia - TAM,21499000,3,https://www.bukalapak.com/p/handphone/hp-smartphone/iphone/3vhsm5u-jual-iphone-12-pro-max-512gb-ibox-indonesia-tam
iphone Xs MAX 512GB 256GB 64GB Bekas Ori Second Seken Fulset Kondisi Perfect Normal Kemulusan 9 6 - 9 8 Plus E X 10 Inter Garansi 7 Hari,5090000,51,https://www.bukalapak.com/p/handphone/hp-smartphone/iphone/na3yas-jual-iphone-xs-max-512gb-256gb-64gb-bekas-ori-second-seken-fulset-kondisi-perfect-normal-kemulusan-9-6-9-8-plus-e-x-10-inter-garansi-7-hari
iphone 8 Plus 64GB 256GB Bekas Ori Second Seken Fulset Kondisi Perfect Normal Kemulusan 9 6 - 9 8 Plus E X Inter Garansi 7 Hari,3490000,18,https://www.bukalapak.com/p/handphone/hp-smartphone/7yiifj-jual-iphone-8-plus-64gb-256gb-bekas-ori-second-seken-fulset-kondisi-perfect-normal-kemulusan-9-6-9-8-plus-e-x-inter-garansi-7-hari
iphone xr,8000000,8,https://www.bukalapak.com/p/handphone/hp-smartphone/iphone/4gqnwxm-jual-iphone-xr
Iphone xs 64gb gold second fullset mulus ex inter,4596000,26,https://www.bukalapak.com/p/handphone/hp-smartphone/iphone/2vqjmnq-jual-iphone-xs-64gb-gold-second-fullset-mulus-ex-inter
Iphone 11 Secondhand mulus,6500000,2,https://www.bukalapak.com/p/handphone/hp-smartphone/iphone/4h0yni4-jual-iphone-11-secondhand-mulus
iPhone 11pro,8800000,29,https://www.bukalapak.com/p/handphone/hp-smartphone/iphone/4gq2qpd-jual-iphone-11pro
Iphone 11 64gb purple Second Fullset mulus terawat,5898000,18,https://www.bukalapak.com/p/handphone/hp-smartphone/iphone/3qr6bp9-jual-iphone-11-64gb-purple-second-fullset-mulus-terawat
Iphone 11 128 batangan second like new,7700000,3,https://www.bukalapak.com/p/handphone/hp-smartphone/iphone/4h4g8l1-jual-iphone-11-128-batangan-second-like-new
Apple iPhone 13 128GB Garansi Resmi TAM - iBox Indonesia,13699000,999988,https://www.bukalapak.com/p/handphone/hp-smartphone/iphone/4gj37d7-jual-apple-iphone-13-128gb-garansi-resmi-tam-ibox-indonesia
IPHONE 7 PLUS 128 GB IPHONE 7 PLUS 128GB IPHONE 7PLUS 128 GB IPHONE 7PLUS 128GB IPHONE7 PLUS 128 GB,3500000,5,https://www.bukalapak.com/p/handphone/hp-smartphone/iphone/4fwga3y-jual-iphone-7-plus-128-gb-iphone-7-plus-128gb-iphone-7plus-128-gb-iphone-7plus-128gb-iphone7-plus-128-gb
Iphone 8 plus,3000000,5,https://www.bukalapak.com/p/handphone/hp-smartphone/iphone/4h1uot4-jual-iphone-8-plus
iphone 7,6700000,5,https://www.bukalapak.com/p/handphone/hp-smartphone/iphone/4gqckvj-jual-iphone-7
Jual Iphone 8 Plus 64 gb Full set,3500000,1,https://www.bukalapak.com/p/handphone/hp-smartphone/iphone/4h7l2tj-jual-jual-iphone-8-plus-64-gb-full-set
Apple iPhone 13 - 128GB - Resmi iBox Indonesia - Alphine Green,13899000,5,https://www.bukalapak.com/p/handphone/hp-smartphone/iphone/4h2x1ap-jual-apple-iphone-13-128gb-resmi-ibox-indonesia-alphine-green
Apple iPhone 13 Pro 1TB Garansi Resmi TAM - iBox Indonesia,28049000,999999,https://www.bukalapak.com/p/handphone/hp-smartphone/iphone/4gj5rqd-jual-apple-iphone-13-pro-1tb-garansi-resmi-tam-ibox-indonesia
IPHONE 11 128GB Yellow,9500000,10,https://www.bukalapak.com/p/handphone/hp-smartphone/iphone/4h78rog-jual-iphone-11-128gb-yellow
IPHONE 12 128GB IBOX,14400000,9,https://www.bukalapak.com/p/handphone/hp-smartphone/iphone/4h78rwg-jual-iphone-12-128gb-ibox
Apple iPhone 13 Pro Max - 256GB - Resmi iBox Indonesia,22399000,5,https://www.bukalapak.com/p/handphone/hp-smartphone/iphone/4gudoc1-jual-apple-iphone-13-pro-max-256gb-resmi-ibox-indonesia
Apple iPhone 13 Pro Max 512GB Garansi Resmi TAM - iBox Indonesia,26099000,999999,https://www.bukalapak.com/p/handphone/hp-smartphone/iphone/4gj5sas-jual-apple-iphone-13-pro-max-512gb-garansi-resmi-tam-ibox-indonesia
Iphone 11 / 128gb ex inter,5999000,1,https://www.bukalapak.com/p/handphone/hp-smartphone/iphone/4h7luxa-jual-iphone-11-128gb-ex-inter
Apple iPhone 13 - 256GB - Resmi iBox Indonesia,16249000,5,https://www.bukalapak.com/p/handphone/hp-smartphone/iphone/4gudnes-jual-apple-iphone-13-256gb-resmi-ibox-indonesia
Apple iPhone 13 Mini - 256GB - Resmi iBox Indonesia,14999000,4,https://www.bukalapak.com/p/handphone/hp-smartphone/iphone/4gu2fxd-jual-apple-iphone-13-mini-256gb-resmi-ibox-indonesia
IPHONE 8 PLUS 64 GB IPHONE 8PLUS 64 GB IPHONE 8 PLUS 64GB IPHONE 8PLUS 64GB IPHONE8PLUS 64 IPHONE8 PLUS 64 MULUS FULLSET NORMAL NO MINUS,3900000,4,https://www.bukalapak.com/p/handphone/hp-smartphone/iphone/4g3mpbp-jual-iphone-8-plus-64-gb-iphone-8plus-64-gb-iphone-8-plus-64gb-iphone-8plus-64gb-iphone8plus-64-iphone8-plus-64-mulus-fullset-normal-no-minus
APPLE IPHONE XR 64GB 128 GB GARANSI 1 TAHUN TERMURAH BLACK WHITE RED BLUE NEW SEGEL BARU,5649000,50,https://www.bukalapak.com/p/handphone/hp-smartphone/iphone/4d5sgrv-jual-apple-iphone-xr-64gb-128-gb-garansi-1-tahun-termurah-black-white-red-blue-new-segel-baru
Iphone Xs Max 256Gb Second Fulllset Dual sim single sim on,5996000,22,https://www.bukalapak.com/p/handphone/hp-smartphone/iphone/216bnjg-jual-iphone-xs-max-256gb-second-fulllset-dual-sim-single-sim-on
iPhone 7 Plus 32gb Second Normal Fullset,2898000,14,https://www.bukalapak.com/p/handphone/hp-smartphone/iphone/1ez1z7k-jual-iphone-7-plus-32gb-second-normal-fullset
iPhone 7 Plus 256 GB - FULLSET - Apple 7Plus 256GB - COD Jakarta,3570000,94,https://www.bukalapak.com/p/handphone/hp-smartphone/iphone/32v7kpv-jual-iphone-7-plus-256-gb-fullset-apple-7plus-256gb-cod-jakarta
iphone 6,1545000,94,https://www.bukalapak.com/p/handphone/hp-smartphone/iphone/3hne9ae-jual-iphone-6
Apple iPhone XS 256GB Second Mulus Ex International fullset,4840000,266,https://www.bukalapak.com/p/handphone/hp-smartphone/iphone/4e7m04p-jual-apple-iphone-xs-256gb-second-mulus-ex-international-fullset
Iphone 11 64gb white Second Fullset mulus terawat,5898000,152,https://www.bukalapak.com/p/handphone/hp-smartphone/iphone/3patqa0-jual-iphone-11-64gb-white-second-fullset-mulus-terawat
iPhone 13 Pro Max Garansi Resmi iBox/TAM 256GB 512GB 1TB Sierra Blue Graphite Gold Silver,20375000,11,https://www.bukalapak.com/p/handphone/hp-smartphone/iphone/4h0u0qd-jual-iphone-13-pro-max-garansi-resmi-ibox-tam-256gb-512gb-1tb-sierra-blue-graphite-gold-silver
Iphone xs max 64gb gold second fullset mulus,5296000,39,https://www.bukalapak.com/p/handphone/hp-smartphone/iphone/1quvazd-jual-iphone-xs-max-64gb-gold-second-fullset-mulus
iPhone XS 64GB Second Mulus Ex Resmi fullset Garansi Imei 1 Tahun,4375000,50,https://www.bukalapak.com/p/handphone/hp-smartphone/iphone/4h7die1-jual-iphone-xs-64gb-second-mulus-ex-resmi-fullset-garansi-imei-1-tahun
iPhone XS Gold 64 GB,6300000,1,https://www.bukalapak.com/p/handphone/hp-smartphone/iphone/4h401sv-jual-iphone-xs-gold-64-gb
Apple iPhone 13 Pro - 1TB - Resmi iBox Indonesia,28599000,5,https://www.bukalapak.com/p/handphone/hp-smartphone/iphone/4h2hegs-jual-apple-iphone-13-pro-1tb-resmi-ibox-indonesia
Apple iPhone 13 Pro - 512GB - Resmi iBox Indonesia - IMEI TERDAFTAR,24199000,5,https://www.bukalapak.com/p/handphone/hp-smartphone/iphone/4h2x5xg-jual-apple-iphone-13-pro-512gb-resmi-ibox-indonesia-imei-terdaftar
Apple iPhone 13 Pro - 256GB - Resmi iBox Indonesia,19999000,5,https://www.bukalapak.com/p/handphone/hp-smartphone/iphone/4gx3nfa-jual-apple-iphone-13-pro-256gb-resmi-ibox-indonesia
Iphone 13 512GB - Starlight,20989000,1,https://www.bukalapak.com/p/handphone/hp-smartphone/iphone/4gwl99y-jual-iphone-13-512gb-starlight
Iphone XR 64Gb - Garansi 1 Tahun,4340000,2,https://www.bukalapak.com/p/handphone/hp-smartphone/iphone/4gtr5ws-jual-iphone-xr-64gb-garansi-1-tahun
iphone 12,1000000,18,https://www.bukalapak.com/p/handphone/hp-smartphone/iphone/4eeflzm-jual-iphone-12
IPhone XR 128 GB - Single Sim - eSIM - FULLSET - 128GB - APPLE COD JKT,4750000,124,https://www.bukalapak.com/p/handphone/hp-smartphone/iphone/2xl8816-jual-iphone-xr-128-gb-single-sim-esim-fullset-128gb-apple-cod-jkt
Iphone 6s Plus second like new,1100000,2,https://www.bukalapak.com/p/handphone/hp-smartphone/iphone/4h79h1a-jual-iphone-6s-plus-second-like-new
IPHONE 8 64 GB,4900000,6,https://www.bukalapak.com/p/handphone/hp-smartphone/iphone/4h47g4m-jual-iphone-8-64-gb
Iphone 12 Pro Max 256GB - Graphite,19459000,4,https://www.bukalapak.com/p/handphone/hp-smartphone/iphone/4gwl9av-jual-iphone-12-pro-max-256gb-graphite
Apple iPhone 7 32GB Second mulus ex international usa fullset,2150000,168,https://www.bukalapak.com/p/handphone/hp-smartphone/iphone/jspfwb-jual-apple-iphone-7-32gb-second-mulus-ex-international-usa-fullset
iPhone 7 32 GB - Fullset - Apple - iPhone7 32GB - COD Semarang,1990000,999,https://www.bukalapak.com/p/handphone/hp-smartphone/iphone/21lws5y-jual-iphone-7-32-gb-fullset-apple-iphone7-32gb-cod-semarang
iPhone 6 / 6 Plus 16 / 32 / 64 / 128 GB Original Second Bergaransi,1740000,10,https://www.bukalapak.com/p/handphone/hp-smartphone/iphone/4h4xye4-jual-iphone-6-6-plus-16-32-64-128-gb-original-second-bergaransi
iphone 11 64GB 128GB 256GB Bekas Second Ori 64 128 256 GB Seken Fulset,5950000,86,https://www.bukalapak.com/p/handphone/hp-smartphone/iphone/47yuzs8-jual-iphone-11-64gb-128gb-256gb-bekas-second-ori-64-128-256-gb-seken-fulset
iPhone 8plus 64Gb Gold ex inter,3750000,1,https://www.bukalapak.com/p/handphone/hp-smartphone/iphone/4h7j9ed-jual-iphone-8plus-64gb-gold-ex-inter
Apple iPhone 13 Mini - 128GB - Resmi iBox Indonesia,12699000,4,https://www.bukalapak.com/p/handphone/hp-smartphone/iphone/4gu2fmd-jual-apple-iphone-13-mini-128gb-resmi-ibox-indonesia
Apple iPhone 13 Pro Max - 512GB - Resmi iBox Indonesia,26299000,5,https://www.bukalapak.com/p/handphone/hp-smartphone/iphone/4gv68p4-jual-apple-iphone-13-pro-max-512gb-resmi-ibox-indonesia
Apple iPhone 13 Pro - 128GB - Resmi iBox Indonesia,17799000,5,https://www.bukalapak.com/p/handphone/hp-smartphone/iphone/4gx3n9j-jual-apple-iphone-13-pro-128gb-resmi-ibox-indonesia
IPHONE X 256GB 256 GB GARANSI 1 TAHUN TERMURAH BLACK WHITE GREY SILVER NEW SEGEL BARU GREENPEEL,5890000,48,https://www.bukalapak.com/p/handphone/hp-smartphone/iphone/4d5sxqm-jual-iphone-x-256gb-256-gb-garansi-1-tahun-termurah-black-white-grey-silver-new-segel-baru-greenpeel
apple iphone 13 256Gb Garansi 1 tahun IBOX INTER,13995000,20,https://www.bukalapak.com/p/handphone/hp-smartphone/iphone/4gmcrfd-jual-apple-iphone-13-256gb-garansi-1-tahun-ibox-inter
iPhone 7 128 GB - Fullset - Apple - iPhone7 128GB - COD Semarang,2300000,989,https://www.bukalapak.com/p/handphone/hp-smartphone/iphone/3f475ox-jual-iphone-7-128-gb-fullset-apple-iphone7-128gb-cod-semarang
Iphone xs,5500000,2,https://www.bukalapak.com/p/handphone/hp-smartphone/iphone/4h17cf4-jual-iphone-xs
APPLE IPHONE XR 64GB NEW ORIGINAL GARANSI TOKO 1 TAHUN,5250000,9,https://www.bukalapak.com/p/handphone/hp-smartphone/iphone/4gguxev-jual-apple-iphone-xr-64gb-new-original-garansi-toko-1-tahun
case Iphone xr,500000,8,https://www.bukalapak.com/p/handphone/hp-smartphone/iphone/4gdpjtg-jual-case-iphone-xr
iPhone X SECOND,3900000,4,https://www.bukalapak.com/p/handphone/hp-smartphone/iphone/4h3d5fj-jual-iphone-x-second
IPhone 7 Plus 256 GB - Fullset - 7Plus 256GB - COD Semarang,3570000,998,https://www.bukalapak.com/p/handphone/hp-smartphone/iphone/2f9ip98-jual-iphone-7-plus-256-gb-fullset-7plus-256gb-cod-semarang
IPhone 8 Plus 64 GB - Fullset - 64GB - APPLE - COD Semarang,3750000,99,https://www.bukalapak.com/p/handphone/hp-smartphone/2sylp7i-jual-iphone-8-plus-64-gb-fullset-64gb-apple-cod-semarang
Iphone 6s,2000000,13,https://www.bukalapak.com/p/handphone/hp-smartphone/iphone/4gmn2rp-jual-iphone-6s
Apple iPhone 13 - 128GB - Resmi iBox Indonesia,13849000,5,https://www.bukalapak.com/p/handphone/hp-smartphone/iphone/4gudnap-jual-apple-iphone-13-128gb-resmi-ibox-indonesia
iPhone 7 Plus - Fullset Original Like New - Second - Bekas - Garansi 6 Bulan,3069000,10,https://www.bukalapak.com/p/handphone/hp-smartphone/iphone/4h4we5m-jual-iphone-7-plus-fullset-original-like-new-second-bekas-garansi-6-bulan
iphone 8 64gb second fullset,2798000,18,https://www.bukalapak.com/p/handphone/hp-smartphone/iphone/1a33k1n-jual-iphone-8-64gb-second-fullset
Iphone 13 256GB - Midnight,17199000,3,https://www.bukalapak.com/p/handphone/hp-smartphone/iphone/4gwl99m-jual-iphone-13-256gb-midnight
iphone XR 64GB 128GB 256GB Bekas Ori Second Seken Fulset Kondisi Perfect Normal Kemulusan 9 6 - 9 8 Plus E X Inter Garansi 7 Hari,4100000,50,https://www.bukalapak.com/p/handphone/hp-smartphone/iphone/1pkljsw-jual-iphone-xr-64gb-128gb-256gb-bekas-ori-second-seken-fulset-kondisi-perfect-normal-kemulusan-9-6-9-8-plus-e-x-inter-garansi-7-hari
Apple iPhone 13 Pro Max 256GB Garansi Resmi TAM - iBox Indonesia,22699000,999991,https://www.bukalapak.com/p/handphone/hp-smartphone/iphone/4gj5s8m-jual-apple-iphone-13-pro-max-256gb-garansi-resmi-tam-ibox-indonesia
iPhone 11 64Gb Second Fullset mulus terawat,5896000,20,https://www.bukalapak.com/p/handphone/hp-smartphone/iphone/3bz3og0-jual-iphone-11-64gb-second-fullset-mulus-terawat
iphone XS 64GB 256GB 512GB Bekas Second Ori 64 256 512 GB Seken Fulset,4550000,20,https://www.bukalapak.com/p/handphone/hp-smartphone/iphone/47ytcog-jual-iphone-xs-64gb-256gb-512gb-bekas-second-ori-64-256-512-gb-seken-fulset
Iphone Xr 64Gb Second Fulllset No Minus Bagus,4146000,14,https://www.bukalapak.com/p/handphone/hp-smartphone/iphone/2m2td1q-jual-iphone-xr-64gb-second-fulllset-no-minus-bagus
Apple iPhone 8 64GB 256GB Resmi iBox Black  White  Gold,2800000,99,https://www.bukalapak.com/p/handphone/hp-smartphone/iphone/4h4syq4-jual-apple-iphone-8-64gb-256gb-resmi-ibox-black-white-gold
IPhone XR 64 GB - FULLSET - 64GB - APPLE - COD Semarang,4250000,991,https://www.bukalapak.com/p/handphone/hp-smartphone/iphone/2qngzps-jual-iphone-xr-64-gb-fullset-64gb-apple-cod-semarang
iPhone XR 64B Lengkap mulus,4000000,3,https://www.bukalapak.com/p/handphone/hp-smartphone/iphone/4g8ar4a-jual-iphone-xr-64b-lengkap-mulus
Iphone 11 Pro Max,10500000,4,https://www.bukalapak.com/p/handphone/hp-smartphone/49151tw-jual-iphone-11-pro-max
Iphone x 256,5125000,7,https://www.bukalapak.com/p/handphone/hp-smartphone/iphone/4gnzos1-jual-iphone-x-256
iphone 6s plus 32gb,1500000,2,https://www.bukalapak.com/p/handphone/hp-smartphone/iphone/34fszut-jual-iphone-6s-plus-32gb
iPhone XS 256GB Fullset Mulus Bergaransi,5400000,3,https://www.bukalapak.com/p/handphone/hp-smartphone/iphone/4e69gxp-jual-iphone-xs-256gb-fullset-mulus-bergaransi
Iphone 12 promax,3800000,8,https://www.bukalapak.com/p/handphone/hp-smartphone/iphone/4h1690g-jual-iphone-12-promax
Iphone SE Murah Berkualitas 16GB Support ios Terbaru,1350000,6,https://www.bukalapak.com/p/handphone/hp-smartphone/iphone/4gph021-jual-iphone-se-murah-berkualitas-16gb-support-ios-terbaru
iphone 6 plus 64gb grey,1500000,30,https://www.bukalapak.com/p/handphone/hp-smartphone/lxlzl6-jual-iphone-6-plus-64gb-grey
Iphone 11 Pro Max 256gb second fullset mulus terawat,9798000,18,https://www.bukalapak.com/p/handphone/hp-smartphone/iphone/2x48pn4-jual-iphone-11-pro-max-256gb-second-fullset-mulus-terawat
iphone 11 PRO 64GB 256GB 512GB Bekas Second Ori 64 256 512 GB Seken Fulset,7390000,50,https://www.bukalapak.com/p/handphone/hp-smartphone/iphone/4guxv7s-jual-iphone-11-pro-64gb-256gb-512gb-bekas-second-ori-64-256-512-gb-seken-fulset
iPhone 11 Pro 256Gb Second Fullset mulus terawat,7996000,145,https://www.bukalapak.com/p/handphone/hp-smartphone/iphone/3d2wxya-jual-iphone-11-pro-256gb-second-fullset-mulus-terawat
APPLE iPhone 12 Pro Max 256GB - Silver Official Warranty,20579000,2,https://www.bukalapak.com/p/handphone/hp-smartphone/iphone/4gqm6by-jual-apple-iphone-12-pro-max-256gb-silver-official-warranty
Iphone xs 256gb dual sim single on second fullset,4996000,14,https://www.bukalapak.com/p/handphone/hp-smartphone/iphone/1sz7hfx-jual-iphone-xs-256gb-dual-sim-single-on-second-fullset
Iphone 11 Pro 64gb second fullset mulus terawat,7098000,10,https://www.bukalapak.com/p/handphone/hp-smartphone/iphone/2x495gf-jual-iphone-11-pro-64gb-second-fullset-mulus-terawat
Apple IPhone 6s Plus 32GB RoseGold,2275000,4,https://www.bukalapak.com/p/handphone/hp-smartphone/iphone/3nzhyag-jual-apple-iphone-6s-plus-32gb-rosegold
Iphone 13 mini 128GB - Blue,13069000,1,https://www.bukalapak.com/p/handphone/hp-smartphone/iphone/4gwl98j-jual-iphone-13-mini-128gb-blue
Apple iPhone 6s PLUS 64 GB Spacegrey - Free Tempered Glass,2375000,5,https://www.bukalapak.com/p/handphone/hp-smartphone/iphone/90stzq-jual-apple-iphone-6s-plus-64-gb-spacegrey-free-tempered-glass
IPhone 6,2500000,20,https://www.bukalapak.com/p/handphone/hp-smartphone/iphone/4gz327s-jual-iphone-6
IPHONE 12 128GB,10000000,6,https://www.bukalapak.com/p/handphone/hp-smartphone/iphone/gb2lcd-jual-iphone-12-128gb
iPhone 11 Pro 64Gb Midnight Green Second Fullset Nominus Like new,7096000,197,https://www.bukalapak.com/p/handphone/hp-smartphone/iphone/3pee5g1-jual-iphone-11-pro-64gb-midnight-green-second-fullset-nominus-like-new
Iphone 8 64Gb Second Mulus ex international  fullset,2795000,58,https://www.bukalapak.com/p/handphone/hp-smartphone/iphone/1s3atwn-jual-iphone-8-64gb-second-mulus-ex-international-fullset
iphone 7plus 32gb,3800000,6,https://www.bukalapak.com/p/handphone/hp-smartphone/iphone/4h2ixd7-jual-iphone-7plus-32gb
Iphone 7 Plus 128gb original garansi,4299000,46,https://www.bukalapak.com/p/handphone/hp-smartphone/iphone/k1wcmi-jual-iphone-7-plus-128gb-original-garansi
iphone 12 pro 256gb graphite fullset second terawat,12098000,93,https://www.bukalapak.com/p/handphone/hp-smartphone/iphone/4fs9ikv-jual-iphone-12-pro-256gb-graphite-fullset-second-terawat
Iphone Xr 128gb second fullset mulus,4698000,19,https://www.bukalapak.com/p/handphone/hp-smartphone/iphone/1ul44h9-jual-iphone-xr-128gb-second-fullset-mulus
Iphone 13 256gb ibox,15000000,2,https://www.bukalapak.com/p/handphone/hp-smartphone/iphone/4h6w8dg-jual-iphone-13-256gb-ibox
Iphone 13 128GB - Blue,14699000,3,https://www.bukalapak.com/p/handphone/hp-smartphone/iphone/4gwl98g-jual-iphone-13-128gb-blue
iPhone 7 32GB Garansi Resmi iBox Second Original Fullset,1950000,50,https://www.bukalapak.com/p/handphone/hp-smartphone/iphone/4egftmp-jual-iphone-7-32gb-garansi-resmi-ibox-second-original-fullset
(OFFICIAL) Iphone 13 mini 128GB - Midnight,12799000,3,https://www.bukalapak.com/p/handphone/hp-smartphone/iphone/4h59fmj-jual-official-iphone-13-mini-128gb-midnight
Iphone 6S,5000000,10,https://www.bukalapak.com/p/handphone/hp-smartphone/iphone/4eewgep-jual-iphone-6s
Apple iPhone XR 64GB - Bergaransi 1 tahun,4449000,5,https://www.bukalapak.com/p/handphone/hp-smartphone/iphone/49vuxu9-jual-apple-iphone-xr-64gb-bergaransi-1-tahun
Apple iPhone XS 64GB 256GB - Bergaransi 1 tahun,4475000,5,https://www.bukalapak.com/p/handphone/hp-smartphone/iphone/4b8e1rm-jual-apple-iphone-xs-64gb-256gb-bergaransi-1-tahun
Apple iPhone XS MAX 64GB 256GB - Bergaransi 1 tahun,5099000,4,https://www.bukalapak.com/p/handphone/hp-smartphone/iphone/4b8emzp-jual-apple-iphone-xs-max-64gb-256gb-bergaransi-1-tahun
Apple iPhone 11 128 GB - Garansi Resmi iBox Apple Indo,9065000,3,https://www.bukalapak.com/p/handphone/hp-smartphone/iphone/4gctc8s-jual-apple-iphone-11-128-gb-garansi-resmi-ibox-apple-indo
IPHONE 7 PLUS 32 GB,3000000,7,https://www.bukalapak.com/p/handphone/hp-smartphone/iphone/4h2k3gj-jual-iphone-7-plus-32-gb
Iphone 13 256GB - Midnight,17199000,3,https://www.bukalapak.com/p/handphone/hp-smartphone/iphone/4gwl99m-jual-iphone-13-256gb-midnight
Apple iPhone 11 PRO 64 GB / 256 GB,7899000,5,https://www.bukalapak.com/p/handphone/hp-smartphone/iphone/4h3e0my-jual-apple-iphone-11-pro-64-gb-256-gb
Apple iPhone 13 Pro 128GB,18199000,1,https://www.bukalapak.com/p/handphone/hp-smartphone/iphone/4gte9sv-jual-apple-iphone-13-pro-128gb
IPhone XS 256 GB - FULLSET - 256GB - APPLE - COD Surabaya,5200000,100,https://www.bukalapak.com/p/handphone/hp-smartphone/iphone/3ajhpvc-jual-iphone-xs-256-gb-fullset-256gb-apple-cod-surabaya
iPhone 11 Pro 64Gb Second Fullset Nominus Like new,7096000,15,https://www.bukalapak.com/p/handphone/hp-smartphone/iphone/2x3uyha-jual-iphone-11-pro-64gb-second-fullset-nominus-like-new
iPhone 6s 128GB 64GB 32GB 16GB Resmi iBox FULLSET - not 6 Plus,2085000,50,https://www.bukalapak.com/p/handphone/hp-smartphone/iphone/4egana7-jual-iphone-6s-128gb-64gb-32gb-16gb-resmi-ibox-fullset-not-6-plus
Iphone 12 Pro Max 256GB - Graphite,19459000,4,https://www.bukalapak.com/p/handphone/hp-smartphone/iphone/4gwl9av-jual-iphone-12-pro-max-256gb-graphite
Apple iPhone 13 Pro 128GB Garansi Resmi TAM - iBox Indonesia,17699000,999987,https://www.bukalapak.com/p/handphone/hp-smartphone/iphone/4gj5rg1-jual-apple-iphone-13-pro-128gb-garansi-resmi-tam-ibox-indonesia
Iphone 11 Pro Max 256gb second fullset mulus terawat,9798000,18,https://www.bukalapak.com/p/handphone/hp-smartphone/iphone/2x48pn4-jual-iphone-11-pro-max-256gb-second-fullset-mulus-terawat
Apple iPhone 13 Pro Max - 128GB - Resmi iBox Indonesia,20999000,5,https://www.bukalapak.com/p/handphone/hp-smartphone/iphone/4gx3m01-jual-apple-iphone-13-pro-max-128gb-resmi-ibox-indonesia
Iphone 12 Pro 256GB - Blue,17699000,1,https://www.bukalapak.com/p/handphone/hp-smartphone/iphone/4gwl9b1-jual-iphone-12-pro-256gb-blue
(OFFICIAL) Iphone 13 Pro Max 256GB - Gold,22599000,3,https://www.bukalapak.com/p/handphone/hp-smartphone/iphone/4h59go7-jual-official-iphone-13-pro-max-256gb-gold
Iphone 12 Pro 256GB - Silver,17779000,4,https://www.bukalapak.com/p/handphone/hp-smartphone/iphone/4gwl9b4-jual-iphone-12-pro-256gb-silver
Iphone Xs 256gb Dual Sim Single On Second Fullset No Minus,4998000,22,https://www.bukalapak.com/p/handphone/hp-smartphone/iphone/1t00ndk-jual-iphone-xs-256gb-dual-sim-single-on-second-fullset-no-minus
Iphone X 256 gb secondhand,5000000,5,https://www.bukalapak.com/p/handphone/hp-smartphone/iphone/4h1oncg-jual-iphone-x-256-gb-secondhand
Apple Iphone 13 Mini 128 GB - Garansi Resmi,12905000,2,https://www.bukalapak.com/p/handphone/hp-smartphone/iphone/4gtxq2g-jual-apple-iphone-13-mini-128-gb-garansi-resmi
Apple iPhone 11 128Gb Garansi 1 Tahun,7275000,269,https://www.bukalapak.com/p/handphone/hp-smartphone/iphone/4gsndc1-jual-apple-iphone-11-128gb-garansi-1-tahun
IPHONE XS MAX 64 GB IPHONE XS MAX 64GB IPHONE XSMAX 64 GB IPHONE XSMAX 64GB IPHONEXSMAX 64 GB IPHONEXSMAX 64GB,6000000,2,https://www.bukalapak.com/p/handphone/hp-smartphone/iphone/4g3ztea-jual-iphone-xs-max-64-gb-iphone-xs-max-64gb-iphone-xsmax-64-gb-iphone-xsmax-64gb-iphonexsmax-64-gb-iphonexsmax-64gb
IPHONE 7 SECOND,1800000,10,https://www.bukalapak.com/p/handphone/hp-smartphone/iphone/3rptcyb-jual-iphone-7-second
IPhone XR 128 GB - FULLSET - 128GB - APPLE - COD Tangerang,4750000,993,https://www.bukalapak.com/p/handphone/hp-smartphone/iphone/2jm4aeo-jual-iphone-xr-128-gb-fullset-128gb-apple-cod-tangerang
iphone 8,500000,19,https://www.bukalapak.com/p/handphone/hp-smartphone/3zmu7u2-jual-iphone-8
Apple iPhone X 64GB 256GB Grey Silver,3999000,8,https://www.bukalapak.com/p/handphone/hp-smartphone/iphone/2mpg65t-jual-apple-iphone-x-64gb-256gb-grey-silver
[CC] iPhone 11 Pro 256gb Second mulus,3812000,2,https://www.bukalapak.com/p/handphone/hp-smartphone/iphone/4h5e26y-jual-cc-iphone-11-pro-256gb-second-mulus
iphone 12 pro 256gb pacific blue second fullset lengkap mulus,12096000,15,https://www.bukalapak.com/p/handphone/hp-smartphone/iphone/465v3st-jual-iphone-12-pro-256gb-pacific-blue-second-fullset-lengkap-mulus
Apple iPhone 12 64GB Garansi Resmi TAM - iBox Indonesia,11749000,100,https://www.bukalapak.com/p/handphone/hp-smartphone/44gxdh9-jual-apple-iphone-12-64gb-garansi-resmi-tam-ibox-indonesia
Iphone 8 64gb Second Ex Inter No Minus fullset,2796000,19,https://www.bukalapak.com/p/handphone/hp-smartphone/iphone/26azyth-jual-iphone-8-64gb-second-ex-inter-no-minus-fullset
Iphone 11 128gb Second Fullset mulus terawat,6698000,16,https://www.bukalapak.com/p/handphone/hp-smartphone/iphone/2uwuu8r-jual-iphone-11-128gb-second-fullset-mulus-terawat
iPhone 11 128GB Garansi Resmi TAM - iBox,9049000,2,https://www.bukalapak.com/p/handphone/hp-smartphone/iphone/3b8aqvs-jual-iphone-11-128gb-garansi-resmi-tam-ibox
Apple iPhone 8 Plus 64GB,3925000,9,https://www.bukalapak.com/p/handphone/hp-smartphone/iphone/1zni3bh-jual-apple-iphone-8-plus-64gb
misteri box iphone 11 pro max,3500000,3,https://www.bukalapak.com/p/handphone/hp-smartphone/iphone/4gnou8p-jual-misteri-box-iphone-11-pro-max
Apple iPhone X 256GB All Sim Silent Fullset Original Mulus 3utools All Green Garansi 1 Tahun,4628000,5,https://www.bukalapak.com/p/handphone/hp-smartphone/iphone/4frgd0d-jual-apple-iphone-x-256gb-all-sim-silent-fullset-original-mulus-3utools-all-green-garansi-1-tahun
iPhone 8 128GB ex Inter Second mulus,3100000,2,https://www.bukalapak.com/p/handphone/hp-smartphone/iphone/4g6pn87-jual-iphone-8-128gb-ex-inter-second-mulus
iphone X Ten 256gb silver second fullset mulus,4298000,18,https://www.bukalapak.com/p/handphone/hp-smartphone/iphone/2baj774-jual-iphone-x-ten-256gb-silver-second-fullset-mulus
iPhone 11 128 GB - Fullset - Apple 128GB - COD Surabaya,7100000,995,https://www.bukalapak.com/p/handphone/hp-smartphone/iphone/2w5nfuw-jual-iphone-11-128-gb-fullset-apple-128gb-cod-surabaya
Iphone 12 Pro 256GB - Silver,17779000,4,https://www.bukalapak.com/p/handphone/hp-smartphone/iphone/4gwl9b4-jual-iphone-12-pro-256gb-silver
Iphone Xr 128gb white second fullset ex inter,4698000,17,https://www.bukalapak.com/p/handphone/hp-smartphone/iphone/3axajkw-jual-iphone-xr-128gb-white-second-fullset-ex-inter
Apple iPhone 11  Pro Max 256GB Second Mulus Ex International fullset,9445000,166,https://www.bukalapak.com/p/handphone/hp-smartphone/iphone/4g2f0gs-jual-apple-iphone-11-pro-max-256gb-second-mulus-ex-international-fullset
IPHONE 8 PLUS 256 GB IPHONE 8PLUS 256GB IPHONE 8 PLUS 256 IPHONE8PLUS IPHONE8 PLUS IPH 8 PLUS IPH 8 PLUS MULUS FULLSET NORMAL,4299000,3,https://www.bukalapak.com/p/handphone/hp-smartphone/iphone/4fohul4-jual-iphone-8-plus-256-gb-iphone-8plus-256gb-iphone-8-plus-256-iphone8plus-iphone8-plus-iph-8-plus-iph-8-plus-mulus-fullset-normal
IPHONE 11 Second 64 Gb Original dan bergaransi resmi,6250000,1,https://www.bukalapak.com/p/handphone/hp-smartphone/iphone/4h65l9g-jual-iphone-11-second-64-gb-original-dan-bergaransi-resmi
iPhone 11 Pro Max 64Gb Second Fullset No Minus,8696000,185,https://www.bukalapak.com/p/handphone/hp-smartphone/iphone/2x3hag8-jual-iphone-11-pro-max-64gb-second-fullset-no-minus
Apple iPhone 6s PLUS 64 GB Spacegrey - Free Tempered Glass,2375000,5,https://www.bukalapak.com/p/handphone/hp-smartphone/iphone/90stzq-jual-apple-iphone-6s-plus-64-gb-spacegrey-free-tempered-glass
iPhone Xs 64gb Second Fullset No Minus,4496000,19,https://www.bukalapak.com/p/handphone/hp-smartphone/iphone/2tfcrf0-jual-iphone-xs-64gb-second-fullset-no-minus
Iphone Xr 64gb second fullset mulus ex inter,4148000,16,https://www.bukalapak.com/p/handphone/hp-smartphone/iphone/2kow2g9-jual-iphone-xr-64gb-second-fullset-mulus-ex-inter
Apple iPhone 6S Plus 64GB - Gold Grey RoseGold All Operator,2375000,5,https://www.bukalapak.com/p/handphone/hp-smartphone/iphone/43s4nfv-jual-apple-iphone-6s-plus-64gb-gold-grey-rosegold-all-operator
IPHONE 7-128gb BLACKMATTE,2100000,4,https://www.bukalapak.com/p/handphone/hp-smartphone/iphone/4h1mstm-jual-iphone-7-128gb-blackmatte
Iphone 7 32GB Second Mulus ex international  fullset,2050000,489,https://www.bukalapak.com/p/handphone/hp-smartphone/iphone/1m3ahz7-jual-iphone-7-32gb-second-mulus-ex-international-fullset
iPHONE XS 265GB 64GB SECOND ORIGINAL RESMI IBOX,7099000,5,https://www.bukalapak.com/p/handphone/hp-smartphone/iphone/4go7f77-jual-iphone-xs-265gb-64gb-second-original-resmi-ibox
iphone 11 Pro 64 Gb  Second fullshet,9200000,5,https://www.bukalapak.com/p/handphone/hp-smartphone/iphone/4fuuo41-jual-iphone-11-pro-64-gb-second-fullshet
iPhone 13 256GB - Garansi Resmi iBox Apple,16349000,1,https://www.bukalapak.com/p/handphone/hp-smartphone/iphone/4h4zpzd-jual-iphone-13-256gb-garansi-resmi-ibox-apple
Apple iPhone XR 128GB Garansi Resmi - iPhone 128GB,9299000,1,https://www.bukalapak.com/p/handphone/hp-smartphone/iphone/4eyfvrm-jual-apple-iphone-xr-128gb-garansi-resmi-iphone-128gb
IPhone XSMAX 64 GB Second Mulus Ex Inter,6300000,100,https://www.bukalapak.com/p/handphone/hp-smartphone/iphone/4gvgf04-jual-iphone-xsmax-64-gb-second-mulus-ex-inter
Apple iPhone 13 128GB,14199000,1,https://www.bukalapak.com/p/handphone/hp-smartphone/iphone/4gtd1h4-jual-apple-iphone-13-128gb
Iphone 11 Pro 256gb silver second original fullset no kendala,7998000,21,https://www.bukalapak.com/p/handphone/hp-smartphone/iphone/3pba595-jual-iphone-11-pro-256gb-silver-second-original-fullset-no-kendala
iPhone 8 64GB 256GB Resmi iBox Black - White - Gold,3085000,50,https://www.bukalapak.com/p/handphone/hp-smartphone/iphone/4ej2zwa-jual-iphone-8-64gb-256gb-resmi-ibox-black-white-gold
IPHONE 13 PRO MAX GLASS CAMERA 11D IPHONE 13 MINI PRO PRO MAX,35000,587,https://www.bukalapak.com/p/handphone/hp-smartphone/iphone/4h236e4-jual-iphone-13-pro-max-glass-camera-11d-iphone-13-mini-pro-pro-max
iPhone 7 128 Gb,2200000,1,https://www.bukalapak.com/p/handphone/hp-smartphone/iphone/4h40ahs-jual-iphone-7-128-gb
iPhone 12 64GB Garansi Resmi iBox,11799000,3,https://www.bukalapak.com/p/handphone/hp-smartphone/iphone/4abh7os-jual-iphone-12-64gb-garansi-resmi-ibox
Iphone 11 Pro 256gb second original fullset mulus no minus,7998000,22,https://www.bukalapak.com/p/handphone/hp-smartphone/iphone/3d3td0b-jual-iphone-11-pro-256gb-second-original-fullset-mulus-no-minus
Iphone Xs 64gb  Second Fullset mulus ex inter,4498000,20,https://www.bukalapak.com/p/handphone/hp-smartphone/iphone/2tfd1sm-jual-iphone-xs-64gb-second-fullset-mulus-ex-inter
iPhone 11 Pro Max 256gb Second Fullset Ex inter terawat,9796000,21,https://www.bukalapak.com/p/handphone/hp-smartphone/iphone/4fe7u24-jual-iphone-11-pro-max-256gb-second-fullset-ex-inter-terawat
iPhone 11 128Gb Second Fullset Like New No Minus,6696000,19,https://www.bukalapak.com/p/handphone/hp-smartphone/iphone/3jiz3x7-jual-iphone-11-128gb-second-fullset-like-new-no-minus
TC IPHONE 13 PRO MAX 20W USB-C POWER ADAPTER USB-C TO LIGHTNING CABLE / CHARGER IPHONE 13 PRO MAX 20W GREEN GPELL,110000,200,https://www.bukalapak.com/p/handphone/aksesoris-handphone/charger-177/4h4z4us-jual-tc-iphone-13-pro-max-20w-usb-c-power-adapter-usb-c-to-lightning-cable-charger-iphone-13-pro-max-20w-green-gpell
CHARGER DAN KABEL IPHONE 20W FAST CHARGING ADAPTOR IPHONE KABEL IPHONE,115000,888,https://www.bukalapak.com/p/handphone/aksesoris-handphone/charger-177/4gt205v-jual-charger-dan-kabel-iphone-20w-fast-charging-adaptor-iphone-kabel-iphone
Charger Iphone Original,80000,122,https://www.bukalapak.com/p/handphone/aksesoris-handphone/charger-177/dyg6cs-jual-charger-iphone-original
Iphone 13 mini 128GB - Red,12979000,1,https://www.bukalapak.com/p/handphone/hp-smartphone/iphone/4gwl98d-jual-iphone-13-mini-128gb-red
Iphone 11 Pro Max 512gb second fullset original,9800000,3,https://www.bukalapak.com/p/handphone/hp-smartphone/iphone/4gt61ns-jual-iphone-11-pro-max-512gb-second-fullset-original
iPhone 11 PRO 256 GB - FULLSET - MULUS - Apple 256GB - COD Jakarta,8200000,97,https://www.bukalapak.com/p/handphone/hp-smartphone/3id67h2-jual-iphone-11-pro-256-gb-fullset-mulus-apple-256gb-cod-jakarta
Iphone 8 64gb seken likenew,2900000,5,https://www.bukalapak.com/p/handphone/hp-smartphone/iphone/kkvwxv-jual-iphone-8-64gb-seken-likenew
Iphone X,7000000,3,https://www.bukalapak.com/p/handphone/hp-smartphone/iphone/4gxeaiy-jual-iphone-x
iPhone 13 512GB - Garansi Resmi iBox Apple,20599000,2,https://www.bukalapak.com/p/handphone/hp-smartphone/iphone/4h4zqaa-jual-iphone-13-512gb-garansi-resmi-ibox-apple
Iphone 11 Pro 64Gb Original Apple,8400000,8,https://www.bukalapak.com/p/handphone/hp-smartphone/iphone/4gvee1y-jual-iphone-11-pro-64gb-original-apple
Iphone 11 Pro Max 64Gb Second Mulus ex international fullset,8595000,189,https://www.bukalapak.com/p/handphone/hp-smartphone/iphone/4fu3lpy-jual-iphone-11-pro-max-64gb-second-mulus-ex-international-fullset
iPhone SE 32 GB - FULLSET - Apple - 32GB - COD Semarang,1350000,99,https://www.bukalapak.com/p/handphone/hp-smartphone/26cgdgd-jual-iphone-se-32-gb-fullset-apple-32gb-cod-semarang
iphone 7,2500000,8,https://www.bukalapak.com/p/handphone/hp-smartphone/iphone/4gmn3a1-jual-iphone-7
Charger Iphone 11 Pro 11 Pro Max Adapter Iphone USB type C,195000,100,https://www.bukalapak.com/p/handphone/aksesoris-handphone/charger-177/31iutjo-jual-charger-iphone-11-pro-11-pro-max-adapter-iphone-usb-type-c
Connector Converter Iphone 7 8 X lightning to Jack 35mm Original,185000,73,https://www.bukalapak.com/p/handphone/aksesoris-handphone/kabel-data/mnbiqh-jual-connector-converter-iphone-7-8-x-lightning-to-jack-35mm-original
TEMPERED GLASS IPHONE ALL SERIES SCREEN GUARD IPHONE SEMUA SERI,20000,159,https://www.bukalapak.com/p/handphone/aksesoris-handphone/screen-guard/4gt21ud-jual-tempered-glass-iphone-all-series-screen-guard-iphone-semua-seri
Kabel Iphone 11 Pro 11 Pro Max Cable USB type C to Lightning,109000,878,https://www.bukalapak.com/p/handphone/aksesoris-handphone/kabel-data/31iuadt-jual-kabel-iphone-11-pro-11-pro-max-cable-usb-type-c-to-lightning
Universal Stand Holder ROBOT RT-US04 Tablet iPad iPhone Android Adjustable Stand Holder Original,84900,29,https://www.bukalapak.com/p/handphone/aksesoris-handphone/mini-tripod/4ej2jud-jual-universal-stand-holder-robot-rt-us04-tablet-ipad-iphone-android-adjustable-stand-holder-original
Iphone 8 plus 64gb,2000000,4,https://www.bukalapak.com/p/handphone/hp-smartphone/iphone/4gpzupy-jual-iphone-8-plus-64gb
iPhone 11 Pro - Fullset Original Like New - Second - Bekas - Garansi 1 Tahun,7850000,9,https://www.bukalapak.com/p/handphone/hp-smartphone/iphone/4gysk5s-jual-iphone-11-pro-fullset-original-like-new-second-bekas-garansi-1-tahun
Apple iPhone 5S - 16&32 GB -  Garansi Resmi,2000000,1,https://www.bukalapak.com/p/handphone/hp-smartphone/iphone/2zcpsca-jual-apple-iphone-5s-16-32-gb-garansi-resmi
iphone 11 128,6900000,8,https://www.bukalapak.com/p/handphone/hp-smartphone/hp-android/4giwssp-jual-iphone-11-128
iphone Xs 256gb Fullset Original,5200000,3,https://www.bukalapak.com/p/handphone/hp-smartphone/iphone/3lfpecn-jual-iphone-xs-256gb-fullset-original
IPhone 8 256 GB Fullset - Mulus - APPLE 256GB - COD Jakarta,3200000,49,https://www.bukalapak.com/p/handphone/hp-smartphone/iphone/3jvh6y3-jual-iphone-8-256-gb-fullset-mulus-apple-256gb-cod-jakarta
APPLE IPHONE Xs Xs Max Second Mulus Original No Minus TERMURAH 100%,4122000,5,https://www.bukalapak.com/p/handphone/hp-smartphone/iphone/4h55wmv-jual-apple-iphone-xs-xs-max-second-mulus-original-no-minus-termurah-100
IPHONE 13 128GB NON ADAPTER GARANSI RESMI TAM/IBOX,13400000,2,https://www.bukalapak.com/p/handphone/hp-smartphone/iphone/4h0q1md-jual-iphone-13-128gb-non-adapter-garansi-resmi-tam-ibox
iphone 7,2900000,5,https://www.bukalapak.com/p/handphone/hp-smartphone/iphone/4h3biwv-jual-iphone-7
Apple iPhone 13 256GB,16699000,2,https://www.bukalapak.com/p/handphone/hp-smartphone/iphone/4gtd1s1-jual-apple-iphone-13-256gb
Universal Stand Holder ROBOT RT-US08 Tablet iPad iPhone Android Adjustable Stand Holder Original,99900,5,https://www.bukalapak.com/p/handphone/aksesoris-handphone/mini-tripod/4ej1f5a-jual-universal-stand-holder-robot-rt-us08-tablet-ipad-iphone-android-adjustable-stand-holder-original
Universal Stand Holder ROBOT RT-US05 Tablet iPad iPhone Android Adjustable Stand Holder Original,64900,10,https://www.bukalapak.com/p/handphone/aksesoris-handphone/aksesoris-lainnya-2645/4ex8p0m-jual-universal-stand-holder-robot-rt-us05-tablet-ipad-iphone-android-adjustable-stand-holder-original
Universal Stand Holder ROBOT RT-US01 Tablet iPad iPhone Android Adjustable Stand Holder Original,24900,10,https://www.bukalapak.com/p/handphone/aksesoris-handphone/aksesoris-lainnya-2645/4edu9j7-jual-universal-stand-holder-robot-rt-us01-tablet-ipad-iphone-android-adjustable-stand-holder-original
Universal Car Holder ROBOT RT-CH03 Silicon Pad For Smartphone iPhone Android Car Stand Holder,59900,20,https://www.bukalapak.com/p/handphone/aksesoris-handphone/aksesoris-lainnya-2645/4exc8ej-jual-universal-car-holder-robot-rt-ch03-silicon-pad-for-smartphone-iphone-android-car-stand-holder
Universal Car Holder ROBOT RT-CH06 Silicon Pad For Smartphone iPhone Android Car Stand Holder,51200,4,https://www.bukalapak.com/p/handphone/aksesoris-handphone/aksesoris-lainnya-2645/4exbpc7-jual-universal-car-holder-robot-rt-ch06-silicon-pad-for-smartphone-iphone-android-car-stand-holder
Apple iPhone 8 plus Second original,4500000,2,https://www.bukalapak.com/p/handphone/hp-smartphone/iphone/4gk2vty-jual-apple-iphone-8-plus-second-original
iPhone 11 128GB - FULLSET - Apple - 128- COD Tangerang,7100000,997,https://www.bukalapak.com/p/handphone/hp-smartphone/hp-android/4fka01p-jual-iphone-11-128gb-fullset-apple-128-cod-tangerang
Iphone 7 128 Internasional LLA,2200000,10,https://www.bukalapak.com/p/handphone/hp-smartphone/iphone/41qeq1j-jual-iphone-7-128-internasional-lla
iphone 7 128GB second,4000000,3,https://www.bukalapak.com/p/handphone/hp-smartphone/iphone/4go62ey-jual-iphone-7-128gb-second
Iphone 6s plus,1500000,7,https://www.bukalapak.com/p/handphone/hp-smartphone/iphone/4h589l1-jual-iphone-6s-plus
iPhone 13 Pro 256 GB - Garansi Resmi iBox Apple,20199000,1,https://www.bukalapak.com/p/handphone/hp-smartphone/iphone/4gxha0p-jual-iphone-13-pro-256-gb-garansi-resmi-ibox-apple
iPhone 7 128GB,2290000,4,https://www.bukalapak.com/p/handphone/hp-smartphone/iphone/4h3f697-jual-iphone-7-128gb
iPhone 13 Pro Garansi Resmi iBox/TAM 128GB 256GB 512GB 1TB Sierra Blue Graphite Gold Silver,19500000,10,https://www.bukalapak.com/p/handphone/hp-smartphone/iphone/4h2axrs-jual-iphone-13-pro-garansi-resmi-ibox-tam-128gb-256gb-512gb-1tb-sierra-blue-graphite-gold-silver
APPLE IPHONE X 265GB 64GB SECOND ORIGINAL IBOX FULLSET,4099000,50,https://www.bukalapak.com/p/handphone/hp-smartphone/iphone/4gg6f8g-jual-apple-iphone-x-265gb-64gb-second-original-ibox-fullset
IPHONE 12 PRO 3G HDC ultimate fs,1570000,10,https://www.bukalapak.com/p/handphone/hp-smartphone/iphone/4gmdd1a-jual-iphone-12-pro-3g-hdc-ultimate-fs
Fast Charger QC 3.0 CHOETECH 18W Fast Charger Samsung Iphone Oppo Vivo,72000,83,https://www.bukalapak.com/p/handphone/aksesoris-handphone/charger-177/2555092-jual-fast-charger-qc-3-0-choetech-18w-fast-charger-samsung-iphone-oppo-vivo
Dual Connector Iphone 7 and Iphone 8 and Iphone X,69000,222,https://www.bukalapak.com/p/handphone/aksesoris-handphone/aksesoris-lainnya-2645/fs2c8z-jual-dual-connector-iphone-7-and-iphone-8-and-iphone-x
Charger Iphone 12Mini 12 12Pro 12ProMax Original,142500,996,https://www.bukalapak.com/p/handphone/aksesoris-handphone/charger-177/4aq67g1-jual-charger-iphone-12mini-12-12pro-12promax-original
Adaptor lightning usb cable 2m charger iphone 6 6s 7 8 plus X Original,135000,93,https://www.bukalapak.com/p/handphone/aksesoris-handphone/charger-177/1xcjgw3-jual-adaptor-lightning-usb-cable-2m-charger-iphone-6-6s-7-8-plus-x-original
Oraimo Charger Handphone Original 4 USB Port Smart Safe Fast Charging Iphone Android OCW-E81F,84915,79,https://www.bukalapak.com/p/handphone/aksesoris-handphone/charger-177/3tlv1ds-jual-oraimo-charger-handphone-original-4-usb-port-smart-safe-fast-charging-iphone-android-ocw-e81f
